image_id,weight
2,2.3061108336107643
4,1.6122216672215286
6,1.8950972367109162
7,2.053580419670792
15,1.0
19,1.9774337611439514
21,2.3061108336107643
25,2.6122216672215286
26,3.0
28,1.6122216672215286
29,2.0748144448143524
31,2.0
34,1.6122216672215286
35,2.6122216672215286
37,2.224443334443057
38,2.0
46,3.0
51,2.303245014858602
52,2.1553974086755168
54,2.3061108336107643
55,2.171322927533187
59,2.6122216672215286
60,2.3426458550663742
63,3.0
64,3.0
67,2.3061108336107643
70,2.3061108336107643
73,2.0
75,2.0748144448143524
78,2.3061108336107643
79,1.342645855066374
80,2.3120993081897727
81,1.342645855066374
85,1.0
88,1.8950972367109162
89,2.3061108336107643
91,1.9774337611439514
93,2.0
94,2.0
95,2.0
103,1.9774337611439514
106,1.685291710132748
108,2.3182891740959675
109,2.3243179269404135
111,1.6122216672215286
123,1.8950972367109162
124,2.171322927533187
126,1.8950972367109162
132,1.8950972367109162
134,1.6122216672215286
135,1.685291710132748
138,1.6122216672215286
139,1.342645855066374
141,1.342645855066374
147,1.8950972367109162
151,1.0
157,2.936297924569319
158,1.6122216672215286
170,1.8950972367109162
175,1.8738632115673557
176,3.0
179,2.3333333333333335
180,2.7202470863374586
183,3.0
184,3.0
188,2.6410054948575206
199,2.3333333333333335
205,1.8950972367109162
208,2.4475486183554582
210,2.3333333333333335
217,2.169206593829025
223,2.4156764349394004
231,2.181947008915161
237,2.3076721615241875
240,2.3076721615241875
243,2.3076721615241875
244,2.4156764349394004
249,2.3120993081897727
250,2.171322927533187
258,2.3182891740959675
260,2.432148251802475
268,2.171322927533187
275,2.3243179269404135
276,2.169206593829025
277,2.3182891740959675
283,2.4448886668886116
285,2.3370583420265496
288,2.432148251802475
290,2.181947008915161
294,2.4065761384493034
301,2.4065761384493034
305,2.0
306,1.9774337611439514
311,1.6122216672215286
312,1.8950972367109162
315,2.0748144448143524
318,2.4840744811423296
325,2.4807541211431405
326,1.9774337611439514
331,2.0748144448143524
338,2.0748144448143524
343,2.3182891740959675
344,2.181947008915161
348,2.181947008915161
349,2.1553974086755168
351,2.181947008915161
355,1.685291710132748
356,1.8950972367109162
358,1.0
359,2.3370583420265496
363,1.342645855066374
369,1.0
375,2.0748144448143524
377,2.6122216672215286
379,2.6122216672215286
395,2.0748144448143524
397,2.0748144448143524
403,3.0
409,2.6560496540948866
411,2.5173699478145815
412,2.5173699478145815
413,2.6
414,2.5173699478145815
415,2.6
418,2.5872595849138635
422,2.6
424,2.5872595849138635
425,2.169206593829025
430,2.526790209835396
447,2.3120993081897727
451,2.290185314753094
458,1.9774337611439514
459,2.290185314753094
462,2.0748144448143524
476,2.3182891740959675
478,1.9774337611439514
479,2.171322927533187
480,2.3076721615241875
483,1.9774337611439514
484,1.8950972367109162
497,2.7370583420265495
500,2.3182891740959675
508,1.8950972367109162
510,1.9774337611439514
511,1.342645855066374
512,1.342645855066374
513,2.3061108336107643
516,1.8738632115673557
520,2.181947008915161
524,2.181947008915161
527,2.169206593829025
528,2.4065761384493034
530,2.3076721615241875
533,2.171322927533187
541,2.432148251802475
542,1.961508242286281
543,2.526790209835396
544,2.171322927533187
549,2.3243179269404135
551,1.961508242286281
553,2.4065761384493034
556,2.169206593829025
560,2.3426458550663742
562,2.671322927533187
566,1.9774337611439514
568,2.3182891740959675
575,2.3076721615241875
582,2.3370583420265496
584,2.169206593829025
585,2.1553974086755168
587,2.181947008915161
599,2.3076721615241875
600,2.181947008915161
605,1.6365783481919352
608,2.3333333333333335
614,2.0748144448143524
619,2.7202470863374586
620,2.0748144448143524
621,2.6122216672215286
622,2.6122216672215286
623,2.303245014858602
624,1.8950972367109162
628,1.8950972367109162
630,1.8738632115673557
635,1.961508242286281
636,1.8950972367109162
638,1.9774337611439514
642,2.3076721615241875
644,2.0748144448143524
650,1.9774337611439514
652,2.5384481076827914
657,2.171322927533187
665,2.0
668,2.0
670,2.540529878234022
671,1.8950972367109162
674,2.4840744811423296
679,2.3120993081897727
683,2.3061108336107643
686,2.171322927533187
688,2.3076721615241875
696,2.3182891740959675
697,2.4156764349394004
702,2.5384481076827914
705,2.4807541211431405
708,2.436931605783678
713,2.4807541211431405
715,2.3182891740959675
716,2.4807541211431405
718,2.290185314753094
720,1.961508242286281
724,2.3076721615241875
729,2.1553974086755168
730,2.1553974086755168
732,2.171322927533187
734,1.8950972367109162
735,1.8950972367109162
736,1.8738632115673557
738,1.8738632115673557
740,1.8738632115673557
741,1.8738632115673557
742,1.8738632115673557
746,2.181947008915161
749,2.171322927533187
754,2.169206593829025
756,2.1553974086755168
758,2.3076721615241875
762,2.3182891740959675
764,2.3076721615241875
775,1.8950972367109162
776,1.8950972367109162
783,2.181947008915161
784,2.053580419670792
785,1.961508242286281
786,1.9774337611439514
789,2.3243179269404135
798,2.5
800,2.3182891740959675
804,2.171322927533187
807,2.3243179269404135
809,1.9681489622846595
813,1.8950972367109162
818,2.4807541211431405
819,2.1553974086755168
821,2.0
824,1.342645855066374
832,2.526790209835396
836,2.4065761384493034
837,2.436931605783678
838,2.569206593829025
839,2.303245014858602
842,2.4840744811423296
843,2.3370583420265496
844,2.3370583420265496
850,2.3243179269404135
856,2.181947008915161
862,2.4807541211431405
864,2.4156764349394004
868,2.1553974086755168
871,2.171322927533187
872,2.181947008915161
873,1.6122216672215286
878,2.181947008915161
879,2.171322927533187
882,2.181947008915161
894,3.0
901,1.6365783481919352
902,2.3076721615241875
903,2.3182891740959675
905,2.526790209835396
907,2.3061108336107643
911,2.0
912,2.3120993081897727
926,2.526790209835396
927,2.3076721615241875
938,2.3182891740959675
939,2.4065761384493034
941,2.432148251802475
945,2.3076721615241875
947,2.5943916084303393
950,2.181947008915161
952,2.181947008915161
953,2.169206593829025
955,2.4840744811423296
959,2.3182891740959675
961,2.290185314753094
962,1.961508242286281
966,2.4448886668886116
967,2.290185314753094
969,2.432148251802475
971,2.3076721615241875
972,2.290185314753094
976,2.3061108336107643
980,2.181947008915161
984,2.3182891740959675
985,2.436931605783678
986,2.3370583420265496
987,1.8950972367109162
989,1.0
990,2.4156764349394004
991,2.5
992,1.6365783481919352
993,2.181947008915161
998,1.9774337611439514
1003,2.171322927533187
1009,2.3182891740959675
1011,1.9774337611439514
1015,1.9774337611439514
1016,2.3370583420265496
1019,2.181947008915161
1022,2.3061108336107643
1028,2.3182891740959675
1029,1.8738632115673557
1030,2.169206593829025
1032,2.3333333333333335
1033,2.290185314753094
1037,2.3370583420265496
1038,1.9774337611439514
1042,2.3333333333333335
1043,2.171322927533187
1046,2.0748144448143524
1047,2.171322927533187
1049,1.8950972367109162
1050,2.4448886668886116
1051,2.3120993081897727
1055,2.3333333333333335
1062,2.4065761384493034
1064,2.4807541211431405
1065,2.3076721615241875
1075,2.3182891740959675
1076,2.171322927533187
1082,2.181947008915161
1087,2.436931605783678
1097,2.181947008915161
1099,2.3370583420265496
1101,2.169206593829025
1106,2.3370583420265496
1110,2.3370583420265496
1112,2.671322927533187
1115,2.4065761384493034
1118,2.5173699478145815
1130,2.5
1133,2.4475486183554582
1137,2.4840744811423296
1139,2.436931605783678
1140,2.436931605783678
1142,2.3243179269404135
1144,2.4065761384493034
1152,2.181947008915161
1153,2.4475486183554582
1156,2.4156764349394004
1161,2.4807541211431405
1162,2.3076721615241875
1163,2.5173699478145815
1167,2.4475486183554582
1169,2.3182891740959675
1170,2.3370583420265496
1181,2.5173699478145815
1188,2.169206593829025
1190,2.3076721615241875
1193,2.3182891740959675
1196,2.3076721615241875
1201,2.4156764349394004
1205,2.3076721615241875
1211,2.3182891740959675
1215,2.4807541211431405
1216,2.4807541211431405
1217,2.3182891740959675
1222,2.3076721615241875
1224,2.4065761384493034
1225,2.3076721615241875
1228,2.4156764349394004
1231,2.171322927533187
1237,2.5264702443046785
1239,2.4065761384493034
1240,2.4065761384493034
1241,2.181947008915161
1247,2.5173699478145815
1250,1.961508242286281
1251,2.4065761384493034
1255,2.4156764349394004
1261,2.4065761384493034
1264,2.4065761384493034
1266,2.4807541211431405
1272,2.5173699478145815
1275,2.436931605783678
1280,2.5173699478145815
1281,2.4065761384493034
1283,2.4840744811423296
1285,2.4156764349394004
1290,2.436931605783678
1298,2.3076721615241875
1307,2.3182891740959675
1310,2.4065761384493034
1311,2.4065761384493034
1312,2.4807541211431405
1315,2.526790209835396
1316,2.4475486183554582
1320,2.4065761384493034
1324,2.4807541211431405
1331,2.3243179269404135
1333,2.3182891740959675
1335,2.4807541211431405
1343,2.4807541211431405
1346,2.5384481076827914
1349,2.4807541211431405
1357,2.4807541211431405
1359,2.4156764349394004
1360,2.4065761384493034
1361,2.4065761384493034
1369,2.4156764349394004
1370,2.5173699478145815
1372,2.3370583420265496
1373,2.4807541211431405
1383,2.3182891740959675
1385,2.5384481076827914
1394,2.4887168805719755
1396,2.4807541211431405
1398,2.3182891740959675
1399,2.4065761384493034
1402,2.4807541211431405
1406,1.9774337611439514
1409,2.169206593829025
1412,2.537407222407176
1414,2.181947008915161
1415,3.0
1416,2.4448886668886116
1418,2.0
1419,1.0
1423,2.0
1426,2.181947008915161
1429,1.9548675222879026
1430,2.8061108336107643
1432,2.0748144448143524
1437,2.181947008915161
1439,2.3182891740959675
1440,2.3076721615241875
1442,1.9774337611439514
1444,2.4807541211431405
1448,2.3076721615241875
1456,1.6122216672215286
1457,2.169206593829025
1459,2.561763903377583
1470,2.171322927533187
1471,2.3333333333333335
1472,2.181947008915161
1477,1.9774337611439514
1483,2.169206593829025
1484,2.4807541211431405
1485,2.3076721615241875
1486,2.3243179269404135
1487,1.9774337611439514
1488,1.8950972367109162
1489,2.3076721615241875
1491,2.4065761384493034
1493,2.4065761384493034
1494,2.3076721615241875
1495,2.3061108336107643
1499,2.181947008915161
1500,2.3333333333333335
1503,2.4156764349394004
1506,2.432148251802475
1509,2.3370583420265496
1510,2.169206593829025
1512,2.181947008915161
1513,2.3182891740959675
1519,2.181947008915161
1520,1.8950972367109162
1521,1.8950972367109162
1522,1.8738632115673557
1526,2.4156764349394004
1527,2.432148251802475
1530,2.741481111481019
1543,2.3182891740959675
1547,2.4448886668886116
1553,2.169206593829025
1554,2.3243179269404135
1558,1.8950972367109162
1561,2.171322927533187
1562,2.171322927533187
1563,1.8738632115673557
1564,2.0748144448143524
1565,1.342645855066374
1570,2.3120993081897727
1572,2.3182891740959675
1575,2.290185314753094
1584,2.181947008915161
1586,2.4156764349394004
1588,2.169206593829025
1591,2.181947008915161
1594,2.6
1601,2.169206593829025
1608,2.4448886668886116
1615,2.169206593829025
1616,1.9774337611439514
1622,2.3333333333333335
1626,1.961508242286281
1630,1.8950972367109162
1631,2.171322927533187
1634,1.342645855066374
1636,1.685291710132748
1638,2.1553974086755168
1644,2.181947008915161
1653,2.1553974086755168
1655,2.0748144448143524
1662,2.3333333333333335
1664,2.3061108336107643
1666,2.181947008915161
1669,2.0
1671,2.436931605783678
1675,2.4065761384493034
1676,2.169206593829025
1677,1.961508242286281
1678,2.171322927533187
1683,2.3076721615241875
1685,2.4065761384493034
1688,2.3243179269404135
1690,2.303245014858602
1698,2.3076721615241875
1701,2.4065761384493034
1703,2.171322927533187
1704,2.181947008915161
1707,2.5943916084303393
1710,2.4156764349394004
1713,2.171322927533187
1714,2.5384481076827914
1719,2.5846032969145125
1720,2.169206593829025
1729,2.3333333333333335
1731,1.0
1734,2.0
1753,2.4887168805719755
1758,2.4807541211431405
1764,2.4807541211431405
1765,2.4156764349394004
1768,2.181947008915161
1771,2.3076721615241875
1774,2.169206593829025
1775,2.0748144448143524
1776,2.181947008915161
1780,2.581947008915161
1786,1.8950972367109162
1788,2.3426458550663742
1794,2.436931605783678
1795,2.3076721615241875
1796,1.0
1799,2.4065761384493034
1801,2.4156764349394004
1802,1.9774337611439514
1803,2.3243179269404135
1808,2.0748144448143524
1811,2.171322927533187
1812,1.8950972367109162
1821,2.169206593829025
1823,2.169206593829025
1827,2.181947008915161
1840,1.9774337611439514
1841,2.181947008915161
1843,2.169206593829025
1844,2.169206593829025
1858,2.4065761384493034
1869,2.181947008915161
1872,2.3076721615241875
1876,2.3120993081897727
1877,1.8950972367109162
1880,2.5872595849138635
1885,2.3182891740959675
1891,2.3182891740959675
1894,2.4156764349394004
1901,2.3182891740959675
1907,2.4448886668886116
1908,2.4156764349394004
1916,1.9774337611439514
1919,2.3370583420265496
1922,2.5
1923,2.171322927533187
1925,1.8950972367109162
1930,1.0
1935,1.342645855066374
1937,2.0
1943,2.561763903377583
1944,1.9774337611439514
1949,1.9774337611439514
1950,2.0
1952,2.9681489622846593
1953,2.7202470863374586
1954,2.169206593829025
1955,2.3076721615241875
1956,2.540529878234022
1958,2.540529878234022
1959,2.540529878234022
1968,2.3426458550663742
1969,1.8950972367109162
1975,2.0748144448143524
1978,2.181947008915161
1982,2.171322927533187
1989,2.171322927533187
1992,2.181947008915161
2000,1.8950972367109162
2002,2.436931605783678
2009,2.3182891740959675
2010,2.5
2019,1.8950972367109162
2026,1.961508242286281
2030,1.9774337611439514
2033,1.9774337611439514
2034,2.181947008915161
2038,1.8950972367109162
2039,1.0
2041,1.0
2042,2.0
2045,2.0
2054,1.342645855066374
2058,1.342645855066374
2060,2.303245014858602
2061,2.0
2062,2.3182891740959675
2067,2.741481111481019
2080,2.169206593829025
2085,2.3076721615241875
2095,1.8950972367109162
2097,1.8950972367109162
2101,2.3333333333333335
2110,2.1553974086755168
2112,1.342645855066374
2113,2.3426458550663742
2121,1.8950972367109162
2124,1.8950972367109162
2131,2.5
2134,1.8950972367109162
2137,2.181947008915161
2140,2.0748144448143524
2144,2.3061108336107643
2146,2.0748144448143524
2149,2.0
2153,2.5
2154,2.3061108336107643
2157,2.3370583420265496
2162,2.3333333333333335
2163,2.0
2165,2.0
2167,2.0
2168,2.3076721615241875
2171,2.3076721615241875
2179,2.3076721615241875
2180,2.3076721615241875
2183,2.4065761384493034
2184,2.4065761384493034
2194,2.171322927533187
2196,1.9774337611439514
2202,1.9774337611439514
2203,2.181947008915161
2207,2.171322927533187
2214,1.961508242286281
2217,2.171322927533187
2219,2.303245014858602
2223,2.171322927533187
2231,2.3061108336107643
2232,2.0748144448143524
2236,2.4774337611439514
2245,2.0748144448143524
2247,2.169206593829025
2258,2.5384481076827914
2259,2.4807541211431405
2262,2.4065761384493034
2265,2.3061108336107643
2266,2.537407222407176
2267,2.8061108336107643
2269,2.4065761384493034
2279,2.7702649391170113
2280,2.5
2281,2.3076721615241875
2293,2.169206593829025
2297,2.1553974086755168
2298,2.1553974086755168
2300,2.1553974086755168
2301,2.3076721615241875
2304,2.3061108336107643
2307,2.169206593829025
2309,2.3061108336107643
2310,2.0748144448143524
2313,1.342645855066374
2318,1.9774337611439514
2320,2.181947008915161
2321,2.526790209835396
2329,1.9774337611439514
2331,2.432148251802475
2332,2.526790209835396
2335,2.4065761384493034
2338,1.6122216672215286
2339,2.3333333333333335
2342,2.0748144448143524
2348,2.181947008915161
2349,1.8738632115673557
2351,2.5872595849138635
2352,2.545526116063978
2354,2.181947008915161
2356,2.537407222407176
2357,2.3061108336107643
2361,2.1553974086755168
2363,2.169206593829025
2366,2.290185314753094
2372,2.3120993081897727
2374,2.053580419670792
2377,2.4156764349394004
2379,2.181947008915161
2380,2.169206593829025
2383,1.6365783481919352
2388,2.181947008915161
2393,2.3243179269404135
2394,2.181947008915161
2397,2.3182891740959675
2398,2.3243179269404135
2407,2.4840744811423296
2411,2.181947008915161
2412,2.3182891740959675
2425,2.181947008915161
2427,2.169206593829025
2431,2.3243179269404135
2433,2.3076721615241875
2435,2.3182891740959675
2439,2.4065761384493034
2444,1.9774337611439514
2447,2.181947008915161
2449,2.3076721615241875
2450,1.9774337611439514
2452,2.4065761384493034
2456,2.3076721615241875
2457,2.3076721615241875
2458,2.3076721615241875
2462,2.3061108336107643
2473,2.290185314753094
2477,2.7202470863374586
2492,1.8738632115673557
2497,2.3076721615241875
2498,2.4065761384493034
2501,2.4807541211431405
2506,1.6365783481919352
2514,2.3120993081897727
2517,1.342645855066374
2518,2.432148251802475
2519,2.4448886668886116
2522,2.526790209835396
2523,2.4448886668886116
2527,1.9548675222879026
2534,2.171322927533187
2540,1.0
2548,2.171322927533187
2552,1.9681489622846595
2560,2.3182891740959675
2561,2.3182891740959675
2573,2.4807541211431405
2583,2.432148251802475
2585,1.8738632115673557
2586,1.8738632115673557
2591,2.3370583420265496
2593,1.8950972367109162
2596,2.181947008915161
2599,2.181947008915161
2607,1.8738632115673557
2609,2.3243179269404135
2611,2.171322927533187
2613,2.3182891740959675
2621,2.6
2624,2.3182891740959675
2634,2.4065761384493034
2635,2.3076721615241875
2641,2.290185314753094
2645,1.8950972367109162
2647,2.171322927533187
2650,2.3333333333333335
2655,2.0748144448143524
2657,2.0748144448143524
2661,2.3120993081897727
2669,1.342645855066374
2670,2.3333333333333335
2677,2.0748144448143524
2680,2.181947008915161
2683,2.0748144448143524
2688,1.6365783481919352
2692,2.5173699478145815
2696,2.0
2706,2.3182891740959675
2707,2.3076721615241875
2711,2.181947008915161
2713,1.0
2715,2.3243179269404135
2724,1.961508242286281
2725,2.0748144448143524
2727,2.0
2728,2.3333333333333335
2731,2.171322927533187
2734,2.290185314753094
2735,1.8950972367109162
2736,1.9774337611439514
2739,2.181947008915161
2742,2.3120993081897727
2748,2.0748144448143524
2751,2.936297924569319
2752,1.6365783481919352
2755,1.9774337611439514
2762,2.4840744811423296
2767,2.1553974086755168
2772,2.436931605783678
2773,2.3076721615241875
2781,2.181947008915161
2783,2.3182891740959675
2786,2.4065761384493034
2789,2.3370583420265496
2792,2.3333333333333335
2794,3.0
2796,2.3243179269404135
2797,2.3243179269404135
2798,2.169206593829025
2806,2.3076721615241875
2807,2.3076721615241875
2813,1.6365783481919352
2815,2.169206593829025
2816,2.3120993081897727
2821,1.961508242286281
2822,1.8950972367109162
2836,2.3370583420265496
2838,1.8950972367109162
2841,2.3076721615241875
2847,1.9774337611439514
2861,2.4065761384493034
2866,2.3182891740959675
2867,2.4065761384493034
2874,2.569206593829025
2876,2.4065761384493034
2877,2.181947008915161
2878,2.3243179269404135
2884,2.0
2885,2.3333333333333335
2886,2.4065761384493034
2892,2.3076721615241875
2893,2.3182891740959675
2894,2.4065761384493034
2896,2.4065761384493034
2897,2.3370583420265496
2900,2.3182891740959675
2901,2.0748144448143524
2908,2.3333333333333335
2909,2.5
2915,2.3076721615241875
2917,2.3182891740959675
2921,2.4156764349394004
2929,2.432148251802475
2930,2.4887168805719755
2932,2.3370583420265496
2940,2.6
2941,1.961508242286281
2943,2.3076721615241875
2947,2.3182891740959675
2949,2.4156764349394004
2951,2.3061108336107643
2953,1.8950972367109162
2957,2.3076721615241875
2959,2.169206593829025
2960,2.4065761384493034
2969,2.4065761384493034
2971,2.4156764349394004
2976,2.181947008915161
2977,2.4065761384493034
2980,1.8950972367109162
2981,2.3182891740959675
2987,1.8950972367109162
2991,2.1553974086755168
2993,2.3370583420265496
3000,2.169206593829025
3001,2.171322927533187
3007,2.181947008915161
3010,2.181947008915161
3011,1.9774337611439514
3013,2.171322927533187
3017,2.3243179269404135
3018,2.181947008915161
3024,2.181947008915161
3036,2.181947008915161
3040,2.545526116063978
3042,2.3182891740959675
3046,2.0748144448143524
3048,2.3182891740959675
3050,2.3333333333333335
3052,2.5
3053,2.4475486183554582
3058,2.3333333333333335
3059,2.0
3064,1.6122216672215286
3065,2.3333333333333335
3073,2.0748144448143524
3074,2.1553974086755168
3075,2.1553974086755168
3077,2.0
3087,2.171322927533187
3088,2.4887168805719755
3094,1.9681489622846595
3099,2.3061108336107643
3105,2.3243179269404135
3106,2.3061108336107643
3107,2.4156764349394004
3113,2.4156764349394004
3115,2.181947008915161
3116,2.5776987043377586
3122,2.181947008915161
3129,2.053580419670792
3131,2.3333333333333335
3136,2.1553974086755168
3139,1.8950972367109162
3144,2.169206593829025
3147,1.9774337611439514
3148,2.171322927533187
3155,2.436931605783678
3162,2.3076721615241875
3163,2.3426458550663742
3166,2.4065761384493034
3169,2.4807541211431405
3171,1.9774337611439514
3177,1.342645855066374
3178,2.0
3179,2.171322927533187
3181,1.8950972367109162
3184,2.3370583420265496
3200,2.4065761384493034
3206,2.4065761384493034
3207,2.5384481076827914
3208,2.4156764349394004
3209,2.181947008915161
3210,2.4156764349394004
3214,2.3076721615241875
3219,2.3076721615241875
3221,2.4065761384493034
3223,2.3243179269404135
3224,2.5384481076827914
3227,2.3076721615241875
3238,2.3061108336107643
3245,2.6122216672215286
3248,2.290185314753094
3253,2.0
3254,2.169206593829025
3257,2.432148251802475
3258,2.171322927533187
3259,2.0
3261,2.432148251802475
3265,2.1553974086755168
3269,2.3243179269404135
3271,2.3076721615241875
3274,2.436931605783678
3275,2.1553974086755168
3277,2.169206593829025
3280,2.3076721615241875
3284,2.053580419670792
3288,2.4840744811423296
3294,2.3120993081897727
3297,2.181947008915161
3298,2.181947008915161
3303,2.1553974086755168
3308,2.3370583420265496
3311,1.9681489622846595
3315,1.8950972367109162
3323,2.181947008915161
3325,2.3243179269404135
3328,1.9774337611439514
3332,2.432148251802475
3334,2.0
3346,2.1553974086755168
3347,1.9774337611439514
3348,2.3182891740959675
3350,2.4065761384493034
3355,2.3076721615241875
3364,2.171322927533187
3366,1.961508242286281
3369,2.3243179269404135
3371,2.540529878234022
3376,2.4065761384493034
3377,2.436931605783678
3379,2.3076721615241875
3381,2.181947008915161
3386,2.3243179269404135
3388,2.3076721615241875
3394,2.5384481076827914
3396,2.5872595849138635
3397,2.171322927533187
3399,1.0
3402,1.9681489622846595
3403,2.5
3404,2.0
3408,1.8950972367109162
3410,2.0748144448143524
3411,2.181947008915161
3415,2.169206593829025
3416,1.9774337611439514
3419,2.0748144448143524
3422,1.9774337611439514
3434,2.7142857142857144
3438,2.1553974086755168
3441,1.8950972367109162
3442,2.0
3450,2.3076721615241875
3458,2.3076721615241875
3459,2.3076721615241875
3460,2.3076721615241875
3461,2.4065761384493034
3462,2.4065761384493034
3464,2.3370583420265496
3468,2.181947008915161
3474,2.181947008915161
3481,2.3076721615241875
3482,2.181947008915161
3497,2.4807541211431405
3498,2.0
3511,2.1553974086755168
3515,2.0748144448143524
3516,2.741481111481019
3517,2.171322927533187
3518,2.171322927533187
3519,1.6365783481919352
3524,2.0
3525,2.436931605783678
3528,2.0748144448143524
3529,3.0
3531,2.436931605783678
3533,2.432148251802475
3540,2.6845268065569305
3541,2.4156764349394004
3544,2.4887168805719755
3555,2.181947008915161
3562,2.4807541211431405
3565,2.432148251802475
3569,2.4840744811423296
3570,2.3243179269404135
3575,2.169206593829025
3577,1.8738632115673557
3582,2.171322927533187
3584,2.1553974086755168
3597,2.181947008915161
3606,2.0
3608,2.4156764349394004
3609,2.3182891740959675
3615,2.436931605783678
3618,2.3243179269404135
3619,2.169206593829025
3621,2.4807541211431405
3623,1.961508242286281
3624,1.9681489622846595
3633,2.4448886668886116
3636,1.6122216672215286
3638,1.0
3639,2.741481111481019
3643,2.5
3646,2.3182891740959675
3648,2.3182891740959675
3649,2.4448886668886116
3655,2.4448886668886116
3668,1.8950972367109162
3674,2.290185314753094
3683,2.4448886668886116
3688,2.171322927533187
3696,2.3182891740959675
3697,2.3061108336107643
3698,2.3182891740959675
3702,2.4065761384493034
3703,1.9774337611439514
3706,2.3182891740959675
3708,2.3076721615241875
3710,2.3120993081897727
3722,1.342645855066374
3723,1.342645855066374
3727,1.8738632115673557
3732,2.4448886668886116
3733,2.3182891740959675
3736,2.3061108336107643
3737,2.4448886668886116
3739,2.432148251802475
3740,2.5872595849138635
3745,2.3182891740959675
3755,2.581947008915161
3759,2.4840744811423296
3769,2.9681489622846593
3773,2.4065761384493034
3774,2.3243179269404135
3776,2.4065761384493034
3778,2.4065761384493034
3781,2.4156764349394004
3792,2.461508242286281
3794,1.9774337611439514
3796,2.4807541211431405
3797,2.4156764349394004
3799,2.3182891740959675
3801,2.624621070522452
3803,2.3076721615241875
3811,2.526790209835396
3815,2.436931605783678
3819,2.4807541211431405
3826,2.4065761384493034
3829,2.3076721615241875
3830,2.3076721615241875
3833,2.5384481076827914
3834,2.4807541211431405
3835,2.4065761384493034
3849,2.4807541211431405
3852,2.171322927533187
3855,2.4807541211431405
3856,2.3076721615241875
3859,2.4807541211431405
3866,2.3182891740959675
3868,2.4065761384493034
3869,2.0
3878,2.0
3881,2.3076721615241875
3883,2.436931605783678
3884,2.4887168805719755
3887,2.4065761384493034
3891,1.8950972367109162
3902,2.171322927533187
3904,2.436931605783678
3909,2.3182891740959675
3910,2.4156764349394004
3912,2.3182891740959675
3914,2.3061108336107643
3921,2.436931605783678
3926,2.3076721615241875
3938,1.8950972367109162
3939,2.7202470863374586
3943,1.8738632115673557
3947,1.961508242286281
3949,2.6560496540948866
3952,2.436931605783678
3964,2.4156764349394004
3965,2.4065761384493034
3974,2.181947008915161
3975,2.4475486183554582
3977,2.169206593829025
3979,2.3182891740959675
3983,2.4807541211431405
3984,2.4065761384493034
3988,2.3243179269404135
3992,2.4807541211431405
3993,2.4065761384493034
3997,2.3076721615241875
4000,2.3076721615241875
4002,2.4065761384493034
4005,2.3076721615241875
4010,2.290185314753094
4011,1.9774337611439514
4014,1.9774337611439514
4015,1.8738632115673557
4019,2.169206593829025
4023,2.3182891740959675
4024,1.8950972367109162
4026,2.181947008915161
4028,1.8950972367109162
4031,2.3182891740959675
4032,1.8950972367109162
4033,2.181947008915161
4035,1.8950972367109162
4036,2.3370583420265496
4037,2.4448886668886116
4038,2.3370583420265496
4045,1.342645855066374
4051,2.0
4059,2.1553974086755168
4062,2.4840744811423296
4070,2.181947008915161
4072,2.6
4075,2.5872595849138635
4079,2.4156764349394004
4081,2.671322927533187
4085,2.3182891740959675
4086,2.3182891740959675
4093,2.3182891740959675
4096,2.3243179269404135
4099,1.9774337611439514
4100,2.1553974086755168
4101,2.171322927533187
4107,1.8950972367109162
4115,2.0
4117,1.8950972367109162
4118,2.290185314753094
4127,2.3333333333333335
4130,2.171322927533187
4132,1.0
4133,2.561763903377583
4138,2.3076721615241875
4139,2.5384481076827914
4141,1.0
4147,1.0
4149,2.0
4152,1.342645855066374
4157,1.6365783481919352
4162,2.4840744811423296
4165,2.432148251802475
4166,2.3061108336107643
4168,2.4475486183554582
4178,1.9774337611439514
4182,2.169206593829025
4189,2.3243179269404135
4194,1.9774337611439514
4199,2.3333333333333335
4201,1.342645855066374
4202,2.0
4209,1.9681489622846595
4211,1.8950972367109162
4216,2.0
4223,2.4840744811423296
4225,2.3120993081897727
4226,2.3333333333333335
4229,2.0748144448143524
4233,2.5
4239,2.561763903377583
4243,1.9774337611439514
4244,2.4448886668886116
4252,2.581947008915161
4254,2.171322927533187
4258,2.432148251802475
4259,2.1553974086755168
4263,1.961508242286281
4264,2.053580419670792
4269,2.169206593829025
4271,2.053580419670792
4272,1.961508242286281
4275,2.181947008915161
4279,2.3333333333333335
4280,2.181947008915161
4284,2.181947008915161
4285,2.4065761384493034
4289,2.4887168805719755
4292,2.181947008915161
4293,1.0
4299,2.3061108336107643
4301,2.181947008915161
4302,2.0
4304,2.0748144448143524
4308,2.9681489622846593
4309,2.1553974086755168
4310,2.169206593829025
4313,2.4065761384493034
4318,2.1553974086755168
4322,2.4065761384493034
4325,2.4807541211431405
4327,2.4807541211431405
4329,2.4065761384493034
4335,2.4065761384493034
4341,2.3182891740959675
4345,2.5384481076827914
4348,2.3182891740959675
4364,2.181947008915161
4365,2.4156764349394004
4367,2.4156764349394004
4371,2.4065761384493034
4378,1.9774337611439514
4380,2.224443334443057
4382,2.171322927533187
4383,2.3426458550663742
4384,2.171322927533187
4385,1.8950972367109162
4386,2.171322927533187
4388,1.8950972367109162
4389,2.3182891740959675
4393,1.8950972367109162
4396,2.0
4397,1.342645855066374
4401,2.1553974086755168
4402,1.8950972367109162
4403,1.8738632115673557
4404,2.169206593829025
4409,2.436931605783678
4410,2.3182891740959675
4413,2.4065761384493034
4419,2.3182891740959675
4420,2.4475486183554582
4422,2.4065761384493034
4424,2.4807541211431405
4428,2.4065761384493034
4437,2.290185314753094
4442,2.4807541211431405
4446,3.0
4447,1.9774337611439514
4450,2.3370583420265496
4457,2.3243179269404135
4460,2.432148251802475
4461,2.0748144448143524
4463,2.3076721615241875
4469,2.169206593829025
4476,3.0
4478,2.171322927533187
4479,2.3076721615241875
4484,2.3076721615241875
4487,2.4065761384493034
4493,2.0
4495,2.7370583420265495
4496,1.8950972367109162
4501,2.171322927533187
4506,2.181947008915161
4507,2.181947008915161
4518,2.3243179269404135
4519,2.169206593829025
4520,2.169206593829025
4526,2.4065761384493034
4527,2.3076721615241875
4528,2.3076721615241875
4530,2.4065761384493034
4532,2.3243179269404135
4534,2.432148251802475
4535,2.432148251802475
4540,2.3076721615241875
4548,2.3243179269404135
4550,2.171322927533187
4556,1.9774337611439514
4559,2.0
4561,2.181947008915161
4562,1.9774337611439514
4564,2.3182891740959675
4565,2.181947008915161
4570,1.961508242286281
4571,1.0
4572,1.0
4574,2.0
4577,2.0
4579,2.0
4582,2.0
4584,1.0
4588,1.8950972367109162
4590,2.3333333333333335
4594,2.290185314753094
4596,2.6553974086755168
4604,2.169206593829025
4605,2.0
4606,2.181947008915161
4608,1.9774337611439514
4609,2.3370583420265496
4611,1.9548675222879026
4614,2.181947008915161
4615,2.4156764349394004
4619,2.3182891740959675
4629,2.290185314753094
4632,2.3061108336107643
4633,1.9774337611439514
4634,2.0748144448143524
4636,2.0748144448143524
4637,2.0748144448143524
4643,2.3061108336107643
4651,2.0
4653,2.0
4655,2.0
4656,2.0
4657,2.0
4658,1.8738632115673557
4659,1.9774337611439514
4661,2.3120993081897727
4663,2.3370583420265496
4672,1.8950972367109162
4673,2.432148251802475
4679,1.342645855066374
4681,2.4156764349394004
4683,2.4065761384493034
4686,2.3243179269404135
4687,2.545526116063978
4688,2.5846032969145125
4693,2.436931605783678
4694,2.4807541211431405
4699,2.4065761384493034
4702,2.4065761384493034
4704,2.537407222407176
4708,2.3076721615241875
4709,2.3076721615241875
4715,2.4807541211431405
4718,2.0
4720,2.3061108336107643
4734,2.3076721615241875
4735,2.8061108336107643
4738,2.0
4740,2.181947008915161
4745,1.9774337611439514
4746,2.3061108336107643
4749,2.290185314753094
4751,2.4448886668886116
4754,2.4065761384493034
4758,2.3076721615241875
4764,1.8950972367109162
4773,1.8738632115673557
4776,2.181947008915161
4780,2.432148251802475
4785,2.4774337611439514
4786,2.3243179269404135
4787,2.3243179269404135
4789,1.8950972367109162
4793,2.181947008915161
4801,2.741481111481019
4803,1.9774337611439514
4806,2.3182891740959675
4807,2.181947008915161
4809,2.3370583420265496
4812,2.0748144448143524
4813,2.0748144448143524
4814,2.0748144448143524
4819,2.526790209835396
4824,1.6122216672215286
4825,2.6122216672215286
4830,1.0
4840,2.3370583420265496
4841,2.4065761384493034
4847,2.3370583420265496
4852,2.3370583420265496
4859,2.3182891740959675
4860,1.9774337611439514
4863,2.3182891740959675
4864,1.8950972367109162
4866,2.3076721615241875
4867,2.171322927533187
4870,1.8950972367109162
4872,1.8950972367109162
4873,2.1553974086755168
4874,1.342645855066374
4876,1.8950972367109162
4877,1.9774337611439514
4878,2.4065761384493034
4881,2.3076721615241875
4884,1.9774337611439514
4889,2.181947008915161
4891,2.0
4901,2.169206593829025
4902,2.3243179269404135
4905,1.342645855066374
4908,2.3061108336107643
4911,2.3182891740959675
4913,2.181947008915161
4920,2.169206593829025
4928,2.436931605783678
4929,2.169206593829025
4932,2.4448886668886116
4936,2.181947008915161
4941,2.4887168805719755
4948,2.169206593829025
4949,2.3182891740959675
4950,2.4774337611439514
4951,2.581947008915161
4953,2.3182891740959675
4960,2.3182891740959675
4961,2.4065761384493034
4962,2.4065761384493034
4966,2.4156764349394004
4968,2.4156764349394004
4971,2.3182891740959675
4972,2.181947008915161
4981,1.8950972367109162
4984,2.181947008915161
4988,2.3182891740959675
4989,2.5
4992,2.3061108336107643
4993,2.169206593829025
4995,2.181947008915161
4997,2.4475486183554582
4999,2.181947008915161
5007,2.4807541211431405
5008,2.4448886668886116
5011,2.671322927533187
5012,2.3076721615241875
5013,2.3076721615241875
5015,2.3182891740959675
5019,2.181947008915161
5023,1.8950972367109162
5025,2.0
5027,3.0
5030,2.181947008915161
5032,2.741481111481019
5040,2.4475486183554582
5042,2.169206593829025
5044,2.169206593829025
5046,2.181947008915161
5047,2.3076721615241875
5050,2.181947008915161
5051,1.8950972367109162
5053,2.3182891740959675
5063,1.9774337611439514
5066,1.8950972367109162
5068,2.3182891740959675
5071,2.3243179269404135
5073,2.3333333333333335
5075,2.0748144448143524
5080,2.181947008915161
5089,2.181947008915161
5092,2.651622507429301
5093,2.3076721615241875
5094,2.303245014858602
5096,2.3370583420265496
5097,2.181947008915161
5098,2.181947008915161
5099,2.4065761384493034
5101,2.171322927533187
5102,2.3243179269404135
5111,2.0748144448143524
5112,1.9774337611439514
5116,2.3182891740959675
5118,2.4156764349394004
5120,2.3182891740959675
5122,2.1553974086755168
5124,2.1553974086755168
5132,2.3120993081897727
5137,2.5
5138,1.342645855066374
5143,2.4156764349394004
5148,2.3076721615241875
5149,2.4065761384493034
5151,2.181947008915161
5152,2.4065761384493034
5153,2.1553974086755168
5154,2.3182891740959675
5155,2.4065761384493034
5157,2.4156764349394004
5162,2.4807541211431405
5163,2.4807541211431405
5164,2.3076721615241875
5169,2.4065761384493034
5171,2.4807541211431405
5172,2.5384481076827914
5174,2.4807541211431405
5182,2.4807541211431405
5183,2.4807541211431405
5185,2.5173699478145815
5196,2.5384481076827914
5198,2.0
5201,2.0748144448143524
5203,2.5
5207,2.171322927533187
5210,2.181947008915161
5212,2.6
5214,2.3182891740959675
5216,1.9774337611439514
5218,2.0
5220,1.8950972367109162
5225,1.8950972367109162
5227,1.9774337611439514
5228,2.3061108336107643
5232,2.3061108336107643
5234,2.0
5236,2.0
5243,1.9548675222879026
5248,2.169206593829025
5250,1.8738632115673557
5253,1.9774337611439514
5259,2.181947008915161
5260,2.3076721615241875
5262,2.0
5267,2.3182891740959675
5268,2.3076721615241875
5271,2.4065761384493034
5272,2.169206593829025
5278,2.561763903377583
5280,2.561763903377583
5281,2.3333333333333335
5282,2.3426458550663742
5284,2.0
5288,2.0
5289,2.9681489622846593
5290,2.3120993081897727
5293,1.0
5294,1.0
5304,1.9774337611439514
5306,1.9774337611439514
5308,2.3243179269404135
5312,2.3120993081897727
5314,2.3120993081897727
5315,2.3120993081897727
5318,2.0
5320,2.3120993081897727
5321,2.3333333333333335
5325,2.3333333333333335
5326,2.171322927533187
5331,1.9681489622846595
5336,2.5943916084303393
5337,2.3076721615241875
5339,2.526790209835396
5341,2.526790209835396
5343,2.0
5348,1.8950972367109162
5351,1.8950972367109162
5352,1.8950972367109162
5354,1.8950972367109162
5356,1.8950972367109162
5360,1.6365783481919352
5361,2.741481111481019
5371,2.4065761384493034
5376,1.9774337611439514
5377,2.3182891740959675
5381,2.4807541211431405
5382,2.5384481076827914
5384,2.4807541211431405
5386,2.4807541211431405
5392,2.4448886668886116
5395,2.3061108336107643
5399,2.053580419670792
5400,2.3333333333333335
5403,1.8950972367109162
5407,1.8950972367109162
5413,2.3182891740959675
5421,1.8950972367109162
5423,2.0748144448143524
5424,2.171322927533187
5425,1.9774337611439514
5431,1.9774337611439514
5435,1.342645855066374
5436,1.6365783481919352
5441,2.741481111481019
5445,2.3243179269404135
5451,1.9681489622846595
5452,2.3243179269404135
5455,2.0
5456,2.0
5459,2.169206593829025
5464,1.9774337611439514
5467,2.4448886668886116
5468,2.181947008915161
5472,2.6122216672215286
5485,1.961508242286281
5487,2.4065761384493034
5488,1.342645855066374
5492,1.8950972367109162
5494,2.3333333333333335
5497,1.8950972367109162
5503,1.8950972367109162
5504,2.171322927533187
5508,1.8738632115673557
5518,2.3333333333333335
5521,1.9681489622846595
5524,1.9774337611439514
5527,1.9774337611439514
5537,2.5384481076827914
5538,2.5173699478145815
5541,2.3076721615241875
5547,2.4065761384493034
5548,2.4065761384493034
5552,2.4065761384493034
5555,2.5173699478145815
5557,2.5384481076827914
5565,2.169206593829025
5572,2.181947008915161
5584,2.432148251802475
5585,2.3076721615241875
5587,2.4065761384493034
5591,2.3076721615241875
5593,2.3076721615241875
5594,2.4807541211431405
5597,2.4156764349394004
5600,2.4156764349394004
5601,2.0748144448143524
5602,2.4448886668886116
5603,2.3061108336107643
5604,2.4448886668886116
5609,2.3061108336107643
5613,2.4840744811423296
5614,2.5264702443046785
5618,2.4807541211431405
5621,1.9774337611439514
5631,2.3076721615241875
5639,2.432148251802475
5644,2.4065761384493034
5647,2.4475486183554582
5651,2.3076721615241875
5654,2.4065761384493034
5656,2.4448886668886116
5659,2.181947008915161
5672,2.181947008915161
5673,2.4156764349394004
5674,2.3076721615241875
5676,1.8950972367109162
5683,1.8950972367109162
5687,2.8707405557405097
5694,2.3076721615241875
5697,2.181947008915161
5701,2.169206593829025
5706,2.169206593829025
5707,2.290185314753094
5708,2.290185314753094
5712,2.0748144448143524
5715,2.432148251802475
5716,1.9774337611439514
5718,2.169206593829025
5725,1.8738632115673557
5729,1.342645855066374
5730,1.0
5731,1.8950972367109162
5734,2.3120993081897727
5738,2.3243179269404135
5739,2.4448886668886116
5741,2.0748144448143524
5742,2.526790209835396
5743,1.6365783481919352
5746,2.0
5747,2.171322927533187
5751,3.0
5753,2.537407222407176
5754,1.9774337611439514
5757,1.9774337611439514
5762,1.9774337611439514
5770,2.526790209835396
5772,2.181947008915161
5784,2.4065761384493034
5786,2.3333333333333335
5787,1.9681489622846595
5791,2.1553974086755168
5801,2.171322927533187
5803,2.169206593829025
5805,2.171322927533187
5808,1.8950972367109162
5809,2.3370583420265496
5816,2.3333333333333335
5819,1.8950972367109162
5820,2.171322927533187
5821,1.8950972367109162
5822,1.8950972367109162
5825,2.171322927533187
5835,1.8950972367109162
5841,2.169206593829025
5844,2.3243179269404135
5847,1.8950972367109162
5852,1.6122216672215286
5856,2.0748144448143524
5863,2.303245014858602
5868,2.3076721615241875
5875,2.171322927533187
5876,2.0
5885,2.4065761384493034
5887,2.169206593829025
5888,2.3370583420265496
5890,1.0
5894,2.3243179269404135
5895,1.9681489622846595
5899,2.7202470863374586
5902,2.053580419670792
5903,1.6365783481919352
5905,2.290185314753094
5915,2.3333333333333335
5918,2.0
5919,2.0
5922,2.3076721615241875
5925,2.526790209835396
5928,2.3333333333333335
5929,2.4807541211431405
5930,3.0
5931,1.342645855066374
5933,2.741481111481019
5934,3.0
5935,3.0
5952,2.5173699478145815
5955,2.3076721615241875
5956,2.181947008915161
5957,2.5384481076827914
5959,2.181947008915161
5960,2.3182891740959675
5961,2.4807541211431405
5964,1.8950972367109162
5967,2.3120993081897727
5985,2.5173699478145815
5986,2.3076721615241875
5987,2.4807541211431405
5989,2.4065761384493034
5995,2.4065761384493034
5998,2.3076721615241875
6003,2.3076721615241875
6004,2.4807541211431405
6006,2.4807541211431405
6007,2.181947008915161
6013,2.3182891740959675
6021,2.432148251802475
6023,2.3243179269404135
6026,2.4840744811423296
6028,1.8950972367109162
6032,2.171322927533187
6035,2.3243179269404135
6036,2.181947008915161
6037,2.1553974086755168
6038,2.3243179269404135
6043,1.8950972367109162
6044,2.3333333333333335
6047,1.342645855066374
6048,1.8950972367109162
6053,2.0
6055,2.0
6057,2.3333333333333335
6061,2.432148251802475
6063,2.3182891740959675
6066,2.4448886668886116
6070,2.0
6076,1.8738632115673557
6081,2.4065761384493034
6083,2.3120993081897727
6086,1.6365783481919352
6087,1.9774337611439514
6088,2.181947008915161
6098,2.436931605783678
6099,2.3120993081897727
6100,2.1553974086755168
6101,1.8738632115673557
6102,2.1553974086755168
6105,2.1553974086755168
6110,2.0
6111,2.3333333333333335
6115,1.6365783481919352
6119,1.961508242286281
6120,2.3076721615241875
6122,2.432148251802475
6123,2.526790209835396
6132,2.290185314753094
6133,2.5943916084303393
6136,2.432148251802475
6137,2.432148251802475
6144,2.3333333333333335
6147,2.3076721615241875
6152,2.290185314753094
6155,2.3182891740959675
6156,2.3076721615241875
6161,2.3076721615241875
6162,2.5173699478145815
6169,2.3370583420265496
6172,1.9681489622846595
6175,2.169206593829025
6178,1.9774337611439514
6179,2.9681489622846593
6180,2.3076721615241875
6187,2.5
6189,2.3061108336107643
6192,2.0
6194,2.1553974086755168
6201,1.9774337611439514
6202,2.171322927533187
6205,2.171322927533187
6209,2.6560496540948866
6212,2.4807541211431405
6219,2.3182891740959675
6225,2.3243179269404135
6227,2.3182891740959675
6234,2.171322927533187
6241,2.6122216672215286
6244,2.3243179269404135
6245,2.3061108336107643
6248,2.181947008915161
6249,2.4774337611439514
6250,2.303245014858602
6252,2.3243179269404135
6257,2.169206593829025
6261,2.181947008915161
6263,2.3120993081897727
6267,1.8950972367109162
6271,2.181947008915161
6282,2.169206593829025
6283,2.436931605783678
6291,2.169206593829025
6298,2.4807541211431405
6299,2.4156764349394004
6301,2.181947008915161
6311,2.3076721615241875
6312,2.3182891740959675
6314,1.9774337611439514
6318,2.3061108336107643
6320,2.4156764349394004
6321,2.0748144448143524
6323,2.3076721615241875
6324,2.4156764349394004
6327,2.181947008915161
6329,2.432148251802475
6331,2.4065761384493034
6335,2.537407222407176
6339,2.181947008915161
6351,2.0
6353,3.0
6357,1.6122216672215286
6360,2.3061108336107643
6363,1.6122216672215286
6364,2.5872595849138635
6369,1.8950972367109162
6373,2.3333333333333335
6375,2.171322927533187
6377,2.3333333333333335
6381,2.1553974086755168
6386,2.3333333333333335
6389,2.1553974086755168
6390,2.3120993081897727
6397,2.3243179269404135
6398,1.8950972367109162
6400,1.6365783481919352
6402,2.432148251802475
6410,1.9774337611439514
6414,1.342645855066374
6415,1.0
6417,1.342645855066374
6421,2.5872595849138635
6422,2.4065761384493034
6425,2.4807541211431405
6427,2.4807541211431405
6430,2.4807541211431405
6432,2.4840744811423296
6437,2.3333333333333335
6444,2.169206593829025
6446,1.0
6454,2.0748144448143524
6457,2.0748144448143524
6458,2.0
6462,2.181947008915161
6464,1.9774337611439514
6470,1.6365783481919352
6478,2.3333333333333335
6483,2.5
6484,2.4065761384493034
6485,2.4448886668886116
6489,2.4065761384493034
6490,2.7243179269404134
6492,2.7013907206536865
6496,2.1553974086755168
6497,1.8950972367109162
6505,2.3370583420265496
6507,2.5872595849138635
6509,2.0
6514,2.4840744811423296
6516,1.9681489622846595
6518,2.1553974086755168
6522,2.0
6527,2.4807541211431405
6528,2.4156764349394004
6530,2.4807541211431405
6531,2.537407222407176
6535,1.9774337611439514
6537,3.0
6538,2.3333333333333335
6550,2.0748144448143524
6551,2.0
6552,2.0
6554,2.0748144448143524
6556,1.8950972367109162
6559,1.8950972367109162
6561,2.0
6562,1.0
6565,1.6365783481919352
6568,2.0
6569,2.0
6574,1.342645855066374
6583,1.0
6588,1.9681489622846595
6589,2.0
6594,2.3076721615241875
6596,2.169206593829025
6597,2.3370583420265496
6598,2.4807541211431405
6600,1.9774337611439514
6601,2.3076721615241875
6602,1.961508242286281
6603,2.171322927533187
6604,1.9774337611439514
6610,2.3182891740959675
6611,2.4156764349394004
6615,2.4807541211431405
6619,2.4807541211431405
6622,2.4807541211431405
6624,2.0
6627,1.0
6631,1.0
6632,2.3120993081897727
6634,1.9681489622846595
6635,1.8738632115673557
6641,2.3182891740959675
6645,2.4065761384493034
6656,2.3061108336107643
6657,2.171322927533187
6664,2.171322927533187
6666,2.436931605783678
6672,2.3370583420265496
6677,1.961508242286281
6678,2.169206593829025
6679,1.8950972367109162
6686,2.3061108336107643
6687,2.181947008915161
6689,2.3182891740959675
6690,2.4065761384493034
6692,2.4156764349394004
6702,2.4807541211431405
6703,2.3076721615241875
6706,2.4807541211431405
6709,2.4156764349394004
6716,2.4774337611439514
6720,2.0
6721,2.0
6725,1.6365783481919352
6730,2.1553974086755168
6733,2.569206593829025
6735,2.432148251802475
6738,2.7387168805719755
6739,2.3370583420265496
6741,2.290185314753094
6746,2.569206593829025
6750,2.169206593829025
6757,1.0
6758,1.342645855066374
6760,1.9681489622846595
6768,2.3243179269404135
6769,2.5872595849138635
6772,2.3370583420265496
6778,1.342645855066374
6779,1.0
6781,1.9681489622846595
6787,2.181947008915161
6789,2.4065761384493034
6793,2.4475486183554582
6794,2.4156764349394004
6797,2.181947008915161
6798,2.3076721615241875
6799,2.4065761384493034
6802,2.3076721615241875
6804,2.4807541211431405
6813,1.9774337611439514
6814,2.169206593829025
6816,2.3076721615241875
6817,2.3076721615241875
6825,2.6
6827,2.4156764349394004
6830,2.3076721615241875
6832,2.171322927533187
6834,2.181947008915161
6835,1.342645855066374
6836,2.181947008915161
6845,2.4156764349394004
6846,2.4807541211431405
6847,2.181947008915161
6852,2.4065761384493034
6855,2.3120993081897727
6860,2.741481111481019
6865,2.4448886668886116
6870,1.961508242286281
6871,1.8738632115673557
6883,2.4065761384493034
6888,2.181947008915161
6892,2.3333333333333335
6893,1.342645855066374
6895,1.8950972367109162
6898,2.1553974086755168
6907,2.3182891740959675
6908,3.0
6910,2.4840744811423296
6912,2.3182891740959675
6915,2.3061108336107643
6918,2.3182891740959675
6919,2.3333333333333335
6925,2.3061108336107643
6926,2.1553974086755168
6929,2.3061108336107643
6938,1.9774337611439514
6940,2.0
6946,2.181947008915161
6951,2.3076721615241875
6952,2.4156764349394004
6953,2.5173699478145815
6955,2.3182891740959675
6959,2.181947008915161
6964,2.3076721615241875
6965,2.171322927533187
6967,2.169206593829025
6971,3.0
6975,2.561763903377583
6977,2.4065761384493034
6978,2.4807541211431405
6981,2.181947008915161
6982,2.169206593829025
6984,2.432148251802475
7000,2.3333333333333335
7004,1.8950972367109162
7007,1.9774337611439514
7008,2.0
7009,2.0748144448143524
7015,1.0
7017,1.342645855066374
7018,1.6365783481919352
7020,1.961508242286281
7027,2.0
7029,1.961508242286281
7033,2.540529878234022
7037,2.171322927533187
7039,1.8950972367109162
7045,1.8950972367109162
7048,2.3182891740959675
7049,2.181947008915161
7051,2.181947008915161
7060,2.4448886668886116
7062,2.171322927533187
7063,2.3370583420265496
7066,2.6560496540948866
7067,1.8738632115673557
7068,2.169206593829025
7074,2.3076721615241875
7076,2.3076721615241875
7077,2.4475486183554582
7078,2.3182891740959675
7079,2.3243179269404135
7082,2.3333333333333335
7085,2.3333333333333335
7088,3.0
7090,2.181947008915161
7091,2.4475486183554582
7092,2.4475486183554582
7093,2.181947008915161
7094,2.537407222407176
7095,2.4448886668886116
7098,2.3061108336107643
7107,2.832148251802475
7108,2.290185314753094
7109,2.3061108336107643
7112,2.171322927533187
7118,2.169206593829025
7120,2.169206593829025
7121,2.3333333333333335
7125,1.6365783481919352
7127,1.6365783481919352
7128,2.3333333333333335
7129,2.0748144448143524
7134,1.0
7135,1.6122216672215286
7140,1.6122216672215286
7141,2.0748144448143524
7142,2.0748144448143524
7144,1.0
7145,1.6122216672215286
7148,2.171322927533187
7149,2.3333333333333335
7152,2.181947008915161
7167,2.3333333333333335
7182,2.3182891740959675
7185,2.3182891740959675
7198,2.0
7202,1.9774337611439514
7203,2.171322927533187
7212,1.8738632115673557
7213,1.8738632115673557
7215,2.0748144448143524
7216,2.169206593829025
7217,2.290185314753094
7228,2.181947008915161
7229,2.3061108336107643
7234,2.8061108336107643
7236,2.3333333333333335
7237,2.3333333333333335
7245,2.569206593829025
7246,2.4448886668886116
7261,2.0
7268,1.8950972367109162
7270,2.526790209835396
7271,2.3182891740959675
7272,2.3370583420265496
7277,1.961508242286281
7278,1.9774337611439514
7284,2.169206593829025
7286,2.3061108336107643
7290,2.3370583420265496
7291,2.181947008915161
7293,2.3370583420265496
7298,2.4840744811423296
7303,2.432148251802475
7305,2.4448886668886116
7308,2.432148251802475
7316,2.5
7319,2.3370583420265496
7321,2.169206593829025
7323,2.436931605783678
7324,2.3076721615241875
7325,2.0
7338,2.540529878234022
7341,2.526790209835396
7347,2.1553974086755168
7348,2.3076721615241875
7351,1.8950972367109162
7353,2.3076721615241875
7355,1.8950972367109162
7360,2.0
7361,2.0
7363,1.0
7364,2.0
7371,2.569206593829025
7375,2.9681489622846593
7379,1.6365783481919352
7381,1.6365783481919352
7383,1.8950972367109162
7390,1.8738632115673557
7397,2.0
7399,2.3182891740959675
7401,2.3243179269404135
7409,2.8061108336107643
7412,2.4065761384493034
7416,2.4887168805719755
7419,2.3182891740959675
7420,2.3182891740959675
7424,2.3182891740959675
7438,2.3333333333333335
7451,2.3061108336107643
7454,2.3182891740959675
7466,2.3333333333333335
7467,2.181947008915161
7471,2.0
7473,2.4065761384493034
7474,2.3333333333333335
7475,2.3333333333333335
7476,2.436931605783678
7479,2.5
7484,1.342645855066374
7487,1.6122216672215286
7493,1.9774337611439514
7494,2.4840744811423296
7495,2.4840744811423296
7496,2.526790209835396
7499,2.3076721615241875
7507,2.4807541211431405
7511,2.169206593829025
7514,2.432148251802475
7516,2.290185314753094
7517,2.3076721615241875
7520,2.432148251802475
7523,2.5943916084303393
7524,2.5943916084303393
7525,2.3061108336107643
7527,2.436931605783678
7530,2.4065761384493034
7534,2.3076721615241875
7535,1.9774337611439514
7536,2.181947008915161
7539,2.3182891740959675
7540,1.9774337611439514
7541,2.4065761384493034
7543,1.6122216672215286
7544,2.3061108336107643
7546,2.3120993081897727
7547,2.3243179269404135
7550,2.1553974086755168
7552,2.3243179269404135
7554,2.181947008915161
7555,2.181947008915161
7556,1.6122216672215286
7561,2.3370583420265496
7562,2.1553974086755168
7563,2.171322927533187
7565,2.3182891740959675
7567,2.181947008915161
7568,2.1553974086755168
7572,1.342645855066374
7573,2.561763903377583
7575,2.4065761384493034
7577,2.4807541211431405
7581,2.171322927533187
7582,2.169206593829025
7585,1.8950972367109162
7593,1.6365783481919352
7594,2.169206593829025
7597,2.436931605783678
7601,1.8950972367109162
7612,2.4156764349394004
7616,2.181947008915161
7621,2.4156764349394004
7625,2.181947008915161
7627,1.8950972367109162
7629,1.8738632115673557
7630,2.0
7635,2.4448886668886116
7638,2.569206593829025
7640,1.8950972367109162
7645,2.0
7646,2.053580419670792
7647,2.3333333333333335
7648,2.0
7650,1.9774337611439514
7653,1.9774337611439514
7654,1.9774337611439514
7655,2.9681489622846593
7656,3.0
7657,3.0
7658,2.741481111481019
7660,2.6122216672215286
7662,2.3107948173510335
7666,2.6122216672215286
7667,2.3061108336107643
7671,2.3370583420265496
7675,2.3061108336107643
7676,2.181947008915161
7679,2.290185314753094
7680,2.3061108336107643
7681,2.3182891740959675
7683,3.0
7690,2.1553974086755168
7697,2.1553974086755168
7698,2.169206593829025
7708,2.1553974086755168
7710,2.561763903377583
7715,2.4774337611439514
7723,1.9774337611439514
7724,1.9774337611439514
7725,1.0
7726,1.6365783481919352
7732,2.053580419670792
7735,2.3061108336107643
7737,2.526790209835396
7739,2.432148251802475
7744,2.0748144448143524
7745,2.0
7747,3.0
7748,1.8950972367109162
7751,1.961508242286281
7757,2.4774337611439514
7759,1.9774337611439514
7761,2.181947008915161
7770,2.171322927533187
7776,1.342645855066374
7778,2.171322927533187
7781,1.0
7784,1.8738632115673557
7785,2.6
7789,1.9774337611439514
7791,2.4448886668886116
7794,2.3061108336107643
7796,2.0748144448143524
7798,1.6365783481919352
7801,1.6365783481919352
7802,1.8950972367109162
7803,2.3076721615241875
7806,1.9774337611439514
7807,1.6365783481919352
7811,2.181947008915161
7814,2.4156764349394004
7818,2.3182891740959675
7826,1.8950972367109162
7828,2.0748144448143524
7831,2.169206593829025
7834,1.8950972367109162
7836,2.171322927533187
7840,2.169206593829025
7850,2.5264702443046785
7855,2.171322927533187
7856,2.3370583420265496
7861,2.4475486183554582
7864,2.5384481076827914
7870,2.4807541211431405
7872,2.1553974086755168
7875,2.4475486183554582
7882,2.3076721615241875
7883,2.169206593829025
7884,2.4448886668886116
7885,2.4156764349394004
7890,2.169206593829025
7899,2.4807541211431405
7900,2.181947008915161
7904,2.171322927533187
7912,1.8950972367109162
7913,1.8950972367109162
7915,2.0748144448143524
7917,2.432148251802475
7918,2.290185314753094
7925,2.171322927533187
7926,2.3182891740959675
7930,1.9774337611439514
7931,2.3182891740959675
7932,2.5943916084303393
7934,2.3243179269404135
7939,2.0
7944,2.290185314753094
7945,1.9774337611439514
7946,2.432148251802475
7948,2.461508242286281
7949,2.3076721615241875
7952,2.0
7954,2.0
7955,1.0
7958,1.8950972367109162
7963,2.3370583420265496
7965,1.9774337611439514
7966,2.5872595849138635
7969,2.169206593829025
7971,2.3120993081897727
7973,2.540529878234022
7979,2.3076721615241875
7980,2.5872595849138635
7981,2.3243179269404135
7988,2.5872595849138635
7994,2.432148251802475
8002,2.169206593829025
8006,2.3076721615241875
8010,2.526790209835396
8011,2.3370583420265496
8013,2.3061108336107643
8014,1.9681489622846595
8015,2.4840744811423296
8020,1.8950972367109162
8029,2.169206593829025
8038,2.4156764349394004
8043,2.5943916084303393
8047,2.171322927533187
8048,2.4448886668886116
8049,2.4807541211431405
8050,2.4807541211431405
8052,2.3182891740959675
8060,2.4065761384493034
8062,1.9774337611439514
8066,1.0
8067,1.9681489622846595
8070,1.9774337611439514
8076,1.0
8079,2.0
8080,2.0
8084,2.3370583420265496
8086,2.537407222407176
8088,2.181947008915161
8091,2.3370583420265496
8093,2.1553974086755168
8095,2.1553974086755168
8105,1.342645855066374
8107,2.0
8111,1.9774337611439514
8114,1.8950972367109162
8118,1.8950972367109162
8119,2.181947008915161
8121,1.8950972367109162
8126,2.4448886668886116
8129,2.171322927533187
8131,2.3076721615241875
8134,2.4448886668886116
8137,2.290185314753094
8138,2.3182891740959675
8140,2.4774337611439514
8142,2.3333333333333335
8143,2.3182891740959675
8147,2.526790209835396
8148,2.169206593829025
8152,2.461508242286281
8155,2.181947008915161
8156,2.181947008915161
8157,2.5
8159,1.8950972367109162
8161,2.181947008915161
8166,2.171322927533187
8168,1.8950972367109162
8170,2.1553974086755168
8180,2.1553974086755168
8184,2.1553974086755168
8186,2.1553974086755168
8192,1.8950972367109162
8193,1.8950972367109162
8200,1.9774337611439514
8202,2.3061108336107643
8205,1.8950972367109162
8210,2.171322927533187
8212,2.169206593829025
8220,2.181947008915161
8222,2.0
8226,1.342645855066374
8236,2.169206593829025
8237,2.1553974086755168
8238,2.171322927533187
8241,1.9774337611439514
8253,2.6122216672215286
8260,2.171322927533187
8261,1.9681489622846595
8267,1.8738632115673557
8269,2.1553974086755168
8270,2.169206593829025
8274,2.3076721615241875
8276,2.0748144448143524
8278,1.9774337611439514
8281,1.0
8282,1.8950972367109162
8286,2.3333333333333335
8287,2.171322927533187
8288,1.8950972367109162
8289,1.9774337611439514
8290,1.0
8296,2.6223666335586477
8301,2.4065761384493034
8309,2.3076721615241875
8310,2.5384481076827914
8313,2.4065761384493034
8314,2.4807541211431405
8318,2.5384481076827914
8319,2.171322927533187
8330,2.3370583420265496
8336,2.3182891740959675
8337,2.181947008915161
8340,2.3333333333333335
8342,2.181947008915161
8344,2.3182891740959675
8347,2.3182891740959675
8349,2.537407222407176
8353,2.3182891740959675
8355,1.6122216672215286
8365,2.9681489622846593
8369,1.342645855066374
8370,2.171322927533187
8371,2.3243179269404135
8373,2.3243179269404135
8374,2.171322927533187
8377,1.6365783481919352
8379,1.6365783481919352
8380,1.8950972367109162
8382,2.0
8383,2.3061108336107643
8387,2.290185314753094
8388,2.181947008915161
8393,2.4156764349394004
8396,1.9774337611439514
8397,2.181947008915161
8398,1.9774337611439514
8400,2.0
8402,2.6
8404,1.8950972367109162
8405,2.3061108336107643
8407,1.685291710132748
8408,1.8738632115673557
8410,2.3182891740959675
8411,2.3120993081897727
8412,1.9774337611439514
8413,1.0
8418,2.540529878234022
8424,1.961508242286281
8425,2.1553974086755168
8426,2.169206593829025
8431,2.3370583420265496
8438,2.181947008915161
8443,2.432148251802475
8445,2.3370583420265496
8447,1.9774337611439514
8450,2.436931605783678
8452,2.3370583420265496
8453,1.961508242286281
8454,1.8950972367109162
8459,2.171322927533187
8460,1.9774337611439514
8463,2.181947008915161
8465,2.181947008915161
8468,1.8950972367109162
8469,2.3333333333333335
8470,2.1553974086755168
8473,1.9774337611439514
8482,2.181947008915161
8499,2.169206593829025
8501,2.3076721615241875
8504,1.9774337611439514
8505,1.6365783481919352
8510,2.3182891740959675
8511,2.171322927533187
8525,2.3370583420265496
8527,2.4065761384493034
8540,2.4065761384493034
8541,2.526790209835396
8542,2.4156764349394004
8545,2.1553974086755168
8550,2.3076721615241875
8551,2.3061108336107643
8552,2.171322927533187
8554,2.5872595849138635
8560,2.3076721615241875
8561,2.3061108336107643
8566,2.5776987043377586
8568,2.5
8570,2.3182891740959675
8574,2.4065761384493034
8578,2.3076721615241875
8579,2.3182891740959675
8580,1.9774337611439514
8582,2.432148251802475
8586,2.436931605783678
8588,2.3243179269404135
8589,2.4065761384493034
8590,2.169206593829025
8594,2.4807541211431405
8596,2.436931605783678
8598,2.3076721615241875
8604,2.4475486183554582
8608,2.4065761384493034
8612,2.3243179269404135
8615,2.4475486183554582
8617,2.561763903377583
8618,2.0
8623,3.0
8626,2.3120993081897727
8629,2.053580419670792
8632,2.053580419670792
8634,1.9774337611439514
8643,1.961508242286281
8644,2.290185314753094
8657,1.6122216672215286
8659,2.0
8660,1.342645855066374
8665,1.961508242286281
8675,2.3061108336107643
8676,1.8950972367109162
8677,2.0
8679,2.3076721615241875
8693,2.5384481076827914
8698,2.6553974086755168
8700,2.7202470863374586
8701,1.961508242286281
8703,2.3076721615241875
8704,2.3076721615241875
8708,2.290185314753094
8709,2.432148251802475
8710,2.3120993081897727
8719,1.9774337611439514
8720,1.8950972367109162
8721,1.8950972367109162
8724,1.9774337611439514
8725,1.342645855066374
8727,2.4156764349394004
8728,2.436931605783678
8730,2.6
8731,2.3243179269404135
8733,2.4448886668886116
8739,2.4807541211431405
8747,1.0
8748,1.0
8749,1.0
8753,1.0
8757,2.4448886668886116
8762,2.5173699478145815
8773,2.4065761384493034
8776,2.4156764349394004
8777,1.961508242286281
8779,2.4065761384493034
8780,2.3076721615241875
8784,2.4807541211431405
8788,2.5846032969145125
8790,2.3076721615241875
8794,2.4065761384493034
8797,2.3076721615241875
8798,2.4475486183554582
8801,2.181947008915161
8812,2.3182891740959675
8813,2.4065761384493034
8814,2.5776987043377586
8815,2.169206593829025
8816,2.4807541211431405
8819,2.7202470863374586
8820,1.8950972367109162
8824,2.171322927533187
8825,2.4065761384493034
8829,2.181947008915161
8833,1.6365783481919352
8835,2.3182891740959675
8842,2.3370583420265496
8845,2.3061108336107643
8846,3.0
8848,1.6365783481919352
8857,1.9774337611439514
8859,2.169206593829025
8861,1.8738632115673557
8862,1.8738632115673557
8864,1.342645855066374
8865,1.8738632115673557
8866,1.8950972367109162
8868,2.0
8872,1.8950972367109162
8873,2.1553974086755168
8877,2.1553974086755168
8878,2.290185314753094
8879,2.3076721615241875
8881,2.0748144448143524
8887,2.169206593829025
8897,2.169206593829025
8900,2.4065761384493034
8905,2.290185314753094
8907,2.169206593829025
8909,2.4065761384493034
8910,2.3243179269404135
8911,2.4065761384493034
8914,2.0
8917,2.0
8918,2.169206593829025
8919,2.4840744811423296
8932,1.8738632115673557
8936,2.3243179269404135
8938,1.961508242286281
8939,2.3243179269404135
8941,2.181947008915161
8944,2.181947008915161
8950,2.4448886668886116
8951,2.5872595849138635
8962,2.8061108336107643
8968,2.171322927533187
8970,2.4065761384493034
8971,2.4065761384493034
8982,2.0
8983,3.0
8985,2.6122216672215286
8992,2.3182891740959675
8996,2.169206593829025
9001,2.171322927533187
9002,2.0748144448143524
9005,2.5
9009,1.8950972367109162
9010,1.8950972367109162
9012,2.3370583420265496
9016,2.3076721615241875
9026,2.3076721615241875
9033,2.4807541211431405
9037,2.545526116063978
9040,2.3182891740959675
9043,2.4065761384493034
9045,2.3182891740959675
9049,2.171322927533187
9054,1.8950972367109162
9060,2.5872595849138635
9065,2.3333333333333335
9066,1.8950972367109162
9067,2.5
9073,2.0
9075,2.181947008915161
9078,2.3076721615241875
9081,2.169206593829025
9085,2.3076721615241875
9097,2.181947008915161
9098,2.181947008915161
9102,2.526790209835396
9113,2.053580419670792
9114,2.0
9120,2.4065761384493034
9124,2.1553974086755168
9128,2.461508242286281
9138,2.171322927533187
9144,2.537407222407176
9155,2.3243179269404135
9159,2.3243179269404135
9161,2.4156764349394004
9162,2.169206593829025
9163,2.3076721615241875
9165,2.3076721615241875
9168,2.569206593829025
9169,2.461508242286281
9172,2.3076721615241875
9176,2.3061108336107643
9178,2.3076721615241875
9179,2.181947008915161
9183,2.3076721615241875
9185,2.5872595849138635
9187,2.169206593829025
9189,1.9774337611439514
9190,2.432148251802475
9191,2.3076721615241875
9192,2.3182891740959675
9195,2.3061108336107643
9201,2.3061108336107643
9207,2.3120993081897727
9212,2.3120993081897727
9224,2.169206593829025
9229,1.8738632115673557
9231,2.169206593829025
9237,2.1553974086755168
9239,2.1553974086755168
9240,2.3076721615241875
9242,2.4774337611439514
9245,2.3061108336107643
9249,2.4156764349394004
9250,2.3076721615241875
9253,2.3076721615241875
9261,2.4887168805719755
9266,2.3076721615241875
9271,2.1553974086755168
9272,2.3370583420265496
9278,2.3182891740959675
9279,2.3243179269404135
9280,2.3182891740959675
9293,1.9774337611439514
9294,2.4065761384493034
9296,2.3333333333333335
9302,2.181947008915161
9305,1.9774337611439514
9309,1.8950972367109162
9312,1.9774337611439514
9319,2.181947008915161
9320,2.4065761384493034
9325,2.4065761384493034
9326,1.9774337611439514
9330,2.4156764349394004
9333,2.171322927533187
9350,2.169206593829025
9352,2.171322927533187
9353,2.3333333333333335
9356,2.581947008915161
9358,1.8950972367109162
9361,1.8950972367109162
9366,1.8950972367109162
9368,1.961508242286281
9370,2.169206593829025
9372,2.169206593829025
9373,2.3076721615241875
9374,2.3076721615241875
9381,2.3076721615241875
9382,2.169206593829025
9383,2.3076721615241875
9384,1.8950972367109162
9387,2.4065761384493034
9388,2.4065761384493034
9390,2.4065761384493034
9391,2.3076721615241875
9400,2.4065761384493034
9401,2.7051854177956165
9404,2.4807541211431405
9405,2.3076721615241875
9411,2.290185314753094
9414,1.8950972367109162
9416,2.171322927533187
9422,2.171322927533187
9430,1.0
9434,1.0
9437,2.3120993081897727
9440,2.5384481076827914
9444,2.0748144448143524
9450,2.741481111481019
9464,2.0748144448143524
9465,2.0748144448143524
9466,2.0748144448143524
9467,2.0748144448143524
9468,2.526790209835396
9470,2.290185314753094
9473,2.432148251802475
9474,2.3061108336107643
9475,2.3061108336107643
9482,2.3061108336107643
9486,2.3061108336107643
9488,1.8950972367109162
9499,2.3061108336107643
9500,2.181947008915161
9501,2.3061108336107643
9513,2.5
9514,2.3061108336107643
9517,2.169206593829025
9524,1.6365783481919352
9525,2.0748144448143524
9527,2.181947008915161
9529,2.181947008915161
9535,2.181947008915161
9536,2.3120993081897727
9537,2.1553974086755168
9543,2.1553974086755168
9547,2.169206593829025
9549,2.4807541211431405
9556,2.4156764349394004
9557,2.4065761384493034
9558,1.685291710132748
9559,2.0
9561,2.171322927533187
9562,2.3120993081897727
9565,2.4156764349394004
9566,2.4065761384493034
9567,2.4065761384493034
9572,2.4065761384493034
9576,2.4807541211431405
9579,2.4065761384493034
9581,2.5384481076827914
9585,2.181947008915161
9586,1.961508242286281
9587,2.0
9588,1.8738632115673557
9602,2.5
9614,2.4475486183554582
9619,2.4448886668886116
9620,2.181947008915161
9621,2.181947008915161
9624,2.181947008915161
9633,2.4887168805719755
9637,2.432148251802475
9638,2.4887168805719755
9640,2.4807541211431405
9643,2.3061108336107643
9647,2.432148251802475
9657,2.3182891740959675
9658,2.3182891740959675
9663,2.290185314753094
9664,2.569206593829025
9666,2.3182891740959675
9668,2.4065761384493034
9669,2.3182891740959675
9673,2.5
9675,2.5173699478145815
9678,2.3182891740959675
9680,2.3061108336107643
9683,2.4475486183554582
9687,2.169206593829025
9688,2.603491904920437
9689,2.3182891740959675
9690,2.3182891740959675
9696,2.4448886668886116
9711,2.4807541211431405
9712,2.436931605783678
9714,2.4807541211431405
9718,2.4065761384493034
9729,2.3076721615241875
9733,2.3076721615241875
9734,2.169206593829025
9741,2.4065761384493034
9742,2.290185314753094
9744,1.6365783481919352
9745,1.8950972367109162
9760,2.5
9764,1.0
9765,2.5
9772,2.181947008915161
9777,2.4475486183554582
9779,2.9840744811423296
9781,1.0
9782,1.8950972367109162
9786,2.3061108336107643
9790,1.9774337611439514
9793,1.8950972367109162
9794,2.0
9796,2.461508242286281
9808,2.5173699478145815
9810,2.181947008915161
9815,2.3370583420265496
9819,2.3370583420265496
9820,1.9774337611439514
9821,2.181947008915161
9823,2.171322927533187
9830,2.3076721615241875
9834,2.169206593829025
9835,2.4065761384493034
9838,2.0748144448143524
9840,1.9681489622846595
9841,1.9681489622846595
9842,2.3107948173510335
9848,2.3120993081897727
9854,2.0
9857,1.9774337611439514
9859,2.4065761384493034
9877,1.961508242286281
9878,2.169206593829025
9894,1.9774337611439514
9898,1.9774337611439514
9901,1.9774337611439514
9903,2.3333333333333335
9907,2.181947008915161
9908,2.436931605783678
9910,2.181947008915161
9912,2.3076721615241875
9919,2.4065761384493034
9928,2.432148251802475
9930,2.4840744811423296
9932,2.290185314753094
9938,2.1553974086755168
9944,2.169206593829025
9949,2.4807541211431405
9951,2.432148251802475
9952,2.1553974086755168
9955,2.5384481076827914
9958,2.4065761384493034
9962,2.3076721615241875
9975,2.4065761384493034
9977,2.4065761384493034
9981,2.436931605783678
9983,2.4840744811423296
9984,2.3076721615241875
9986,2.4065761384493034
9987,2.4807541211431405
9995,2.4448886668886116
9999,2.3076721615241875
10005,2.4065761384493034
10007,2.4065761384493034
10008,2.4065761384493034
10009,2.3370583420265496
10013,2.3076721615241875
10016,2.171322927533187
10019,1.0
10021,2.171322927533187
10023,2.290185314753094
10030,2.4065761384493034
10032,2.3243179269404135
10034,2.432148251802475
10038,2.3243179269404135
10041,1.9774337611439514
10044,2.3333333333333335
10046,2.3061108336107643
10048,2.171322927533187
10052,2.290185314753094
10059,2.432148251802475
10061,2.6410054948575206
10062,2.461508242286281
10071,2.3182891740959675
10074,2.181947008915161
10080,2.181947008915161
10084,1.6122216672215286
10089,2.4065761384493034
10092,2.3333333333333335
10096,1.8950972367109162
10099,2.290185314753094
10100,2.171322927533187
10101,2.436931605783678
10110,1.9774337611439514
10116,2.3243179269404135
10124,1.8950972367109162
10127,2.171322927533187
10132,2.3076721615241875
10133,2.432148251802475
10140,2.4065761384493034
10144,2.3182891740959675
10148,2.4156764349394004
10153,2.169206593829025
10156,2.181947008915161
10161,2.4065761384493034
10163,2.181947008915161
10169,2.181947008915161
10171,2.171322927533187
10172,2.171322927533187
10178,2.4448886668886116
10186,2.4475486183554582
10190,2.540529878234022
10191,2.3370583420265496
10192,2.171322927533187
10198,1.961508242286281
10200,2.3333333333333335
10201,1.6122216672215286
10202,2.4840744811423296
10204,2.3243179269404135
10207,2.1553974086755168
10212,2.5943916084303393
10215,2.169206593829025
10217,2.3182891740959675
10219,2.3076721615241875
10223,2.3182891740959675
10224,2.171322927533187
10231,2.181947008915161
10240,2.181947008915161
10243,2.3076721615241875
10244,1.9774337611439514
10252,2.4840744811423296
10254,2.181947008915161
10255,1.8950972367109162
10260,2.436931605783678
10262,2.3182891740959675
10263,2.3182891740959675
10268,2.3076721615241875
10269,2.4065761384493034
10272,2.3076721615241875
10274,2.3061108336107643
10281,2.3243179269404135
10282,2.3243179269404135
10287,2.169206593829025
10295,2.3182891740959675
10300,1.9774337611439514
10305,2.4065761384493034
10309,1.8950972367109162
10315,2.3182891740959675
10316,2.290185314753094
10317,1.9774337611439514
10318,2.169206593829025
10322,2.171322927533187
10325,2.3333333333333335
10328,2.181947008915161
10329,2.181947008915161
10333,2.526790209835396
10335,2.432148251802475
10336,2.5872595849138635
10341,2.4065761384493034
10342,2.4065761384493034
10358,2.4065761384493034
10359,2.3243179269404135
10360,2.432148251802475
10364,2.4065761384493034
10366,2.181947008915161
10368,2.4065761384493034
10369,2.4807541211431405
10378,2.4065761384493034
10379,2.169206593829025
10383,2.5384481076827914
10384,2.4807541211431405
10385,2.5776987043377586
10387,2.4807541211431405
10391,2.4065761384493034
10392,2.569206593829025
10395,2.181947008915161
10397,2.3182891740959675
10399,2.3182891740959675
10400,2.537407222407176
10404,2.4807541211431405
10408,2.4807541211431405
10411,2.537407222407176
10413,2.169206593829025
10414,2.526790209835396
10419,2.4156764349394004
10421,2.3076721615241875
10422,2.3076721615241875
10423,2.5776987043377586
10425,2.3076721615241875
10427,2.3076721615241875
10428,2.4807541211431405
10436,2.3076721615241875
10439,2.4065761384493034
10441,2.4065761384493034
10443,2.4065761384493034
10445,2.3076721615241875
10447,2.171322927533187
10448,2.4807541211431405
10450,2.169206593829025
10455,2.3243179269404135
10459,2.181947008915161
10462,2.3076721615241875
10465,2.436931605783678
10466,2.4065761384493034
10469,2.5776987043377586
10470,2.4065761384493034
10472,2.4807541211431405
10473,2.4065761384493034
10475,2.5384481076827914
10476,2.4065761384493034
10477,2.4065761384493034
10479,2.4807541211431405
10488,2.5943916084303393
10494,2.4065761384493034
10495,2.5943916084303393
10496,2.790185314753094
10499,2.526790209835396
10500,2.4807541211431405
10501,2.4065761384493034
10504,2.3076721615241875
10506,2.4807541211431405
10508,2.4065761384493034
10510,2.4065761384493034
10511,2.3076721615241875
10512,2.4807541211431405
10516,2.3076721615241875
10521,2.5943916084303393
10523,2.4065761384493034
10525,2.3182891740959675
10526,2.4475486183554582
10529,2.4065761384493034
10532,2.4156764349394004
10533,2.4807541211431405
10536,2.4065761384493034
10537,2.3076721615241875
10538,2.4065761384493034
10541,2.4065761384493034
10544,2.5384481076827914
10545,2.4065761384493034
10549,2.436931605783678
10550,2.3076721615241875
10551,2.3076721615241875
10552,2.3182891740959675
10553,2.4065761384493034
10557,2.4065761384493034
10563,2.4065761384493034
10568,2.3076721615241875
10569,2.3061108336107643
10570,2.4807541211431405
10571,2.5384481076827914
10574,2.4065761384493034
10580,2.3076721615241875
10583,2.3076721615241875
10584,2.3076721615241875
10585,2.5384481076827914
10590,2.4156764349394004
10591,2.3076721615241875
10593,2.4065761384493034
10598,2.3182891740959675
10600,2.5384481076827914
10605,2.4065761384493034
10606,2.3243179269404135
10608,2.436931605783678
10610,2.4807541211431405
10611,2.5384481076827914
10615,2.3061108336107643
10620,2.3061108336107643
10622,2.290185314753094
10626,2.171322927533187
10630,1.0
10631,2.0748144448143524
10632,2.171322927533187
10633,2.0748144448143524
10638,2.290185314753094
10649,2.5
10651,2.671322927533187
10653,2.4840744811423296
10654,1.0
10655,2.936297924569319
10658,2.4840744811423296
10660,2.671322927533187
10664,2.0748144448143524
10667,2.6122216672215286
10668,1.0
10673,1.8950972367109162
10676,2.3076721615241875
10681,2.3120993081897727
10682,2.3120993081897727
10686,2.290185314753094
10687,2.3333333333333335
10691,2.3426458550663742
10694,2.741481111481019
10703,2.303245014858602
10705,2.8061108336107643
10709,2.1553974086755168
10712,1.9774337611439514
10713,2.3182891740959675
10714,2.3076721615241875
10722,2.6553974086755168
10723,2.5384481076827914
10725,2.4065761384493034
10727,2.181947008915161
10732,1.9774337611439514
10735,2.3333333333333335
10736,1.6365783481919352
10743,2.0
10744,1.6122216672215286
10745,1.6365783481919352
10749,1.9774337611439514
10751,2.169206593829025
10756,2.181947008915161
10761,1.9774337611439514
10766,2.0
10779,2.3243179269404135
10787,2.3333333333333335
10790,2.5
10798,2.0748144448143524
10800,1.8950972367109162
10802,2.169206593829025
10803,2.169206593829025
10810,2.3182891740959675
10812,2.1553974086755168
10813,2.4887168805719755
10820,2.4065761384493034
10822,2.4156764349394004
10826,2.4448886668886116
10827,1.8950972367109162
10829,2.3243179269404135
10830,2.3182891740959675
10831,2.537407222407176
10840,2.3370583420265496
10845,2.432148251802475
10848,2.1553974086755168
10852,2.3243179269404135
10854,1.0
10862,2.0
10868,2.3061108336107643
10871,2.4065761384493034
10873,2.3076721615241875
10880,1.8950972367109162
10881,2.3120993081897727
10883,2.171322927533187
10890,2.3061108336107643
10897,1.6122216672215286
10899,2.1553974086755168
10900,2.169206593829025
10908,1.961508242286281
10909,2.171322927533187
10913,1.8738632115673557
10919,2.053580419670792
10922,2.181947008915161
10924,1.8950972367109162
10930,1.8738632115673557
10933,2.181947008915161
10939,2.545526116063978
10941,2.3333333333333335
10946,2.171322927533187
10951,2.0748144448143524
10952,2.432148251802475
10959,1.961508242286281
10963,2.4065761384493034
10965,1.9774337611439514
10967,2.4475486183554582
10971,1.9774337611439514
10973,1.6365783481919352
10975,2.3182891740959675
10982,2.171322927533187
10984,2.4807541211431405
10988,1.685291710132748
10993,2.5
10995,1.342645855066374
11004,2.0748144448143524
11008,2.181947008915161
11009,2.181947008915161
11013,2.3061108336107643
11017,1.961508242286281
11021,2.3182891740959675
11024,1.9774337611439514
11031,2.171322927533187
11034,2.0
11035,2.3333333333333335
11042,2.0
11046,2.3076721615241875
11048,2.5
11052,2.3076721615241875
11055,1.8738632115673557
11058,2.053580419670792
11060,1.9681489622846595
11063,3.0
11067,2.3120993081897727
11068,1.8950972367109162
11069,2.1553974086755168
11075,2.540529878234022
11079,2.540529878234022
11081,2.561763903377583
11082,2.0
11084,2.1553974086755168
11085,2.3333333333333335
11089,2.4840744811423296
11090,2.1553974086755168
11092,2.4807541211431405
11099,2.6122216672215286
11100,2.0748144448143524
11101,1.6122216672215286
11105,2.569206593829025
11111,2.3076721615241875
11116,2.8061108336107643
11117,2.8061108336107643
11121,2.4448886668886116
11123,2.8061108336107643
11124,2.5
11125,2.4448886668886116
11131,2.4156764349394004
11141,1.8950972367109162
11142,1.8950972367109162
11146,1.961508242286281
11148,1.9774337611439514
11150,2.0748144448143524
11152,2.181947008915161
11158,2.169206593829025
11162,1.9774337611439514
11165,2.3243179269404135
11170,2.4807541211431405
11176,1.961508242286281
11177,1.9774337611439514
11178,2.181947008915161
11179,2.3370583420265496
11180,2.3076721615241875
11187,2.4065761384493034
11191,2.181947008915161
11195,2.3182891740959675
11196,2.3243179269404135
11201,1.8950972367109162
11206,2.0
11207,2.580370629506188
11213,2.3333333333333335
11216,2.3333333333333335
11218,1.8950972367109162
11221,2.0
11226,2.0
11227,2.3333333333333335
11228,2.3333333333333335
11234,2.3333333333333335
11235,1.8950972367109162
11236,2.053580419670792
11240,2.3076721615241875
11251,2.0
11257,2.3333333333333335
11259,2.3333333333333335
11261,2.3076721615241875
11263,1.8738632115673557
11265,2.3120993081897727
11270,2.432148251802475
11273,2.290185314753094
11278,2.171322927533187
11290,2.432148251802475
11291,2.526790209835396
11293,2.169206593829025
11295,2.3076721615241875
11301,2.3333333333333335
11306,2.181947008915161
11310,1.342645855066374
11311,2.3243179269404135
11312,2.5173699478145815
11315,2.5384481076827914
11328,2.569206593829025
11331,2.5943916084303393
11337,2.4840744811423296
11338,2.3182891740959675
11347,1.0
11349,1.0
11352,2.3076721615241875
11354,2.4065761384493034
11355,2.3182891740959675
11363,2.181947008915161
11364,2.169206593829025
11365,2.290185314753094
11369,2.290185314753094
11374,2.0
11375,1.8950972367109162
11376,2.3333333333333335
11378,2.4065761384493034
11379,2.4807541211431405
11380,2.4156764349394004
11388,2.3370583420265496
11391,2.5
11396,2.3370583420265496
11397,2.171322927533187
11403,2.4840744811423296
11406,2.461508242286281
11408,2.181947008915161
11415,1.6122216672215286
11418,2.4065761384493034
11420,2.4065761384493034
11422,2.3076721615241875
11424,2.181947008915161
11429,1.342645855066374
11430,3.0
11433,1.9681489622846595
11437,1.8738632115673557
11446,2.3120993081897727
11449,2.540529878234022
11452,2.3120993081897727
11456,1.8950972367109162
11469,2.3333333333333335
11471,2.3076721615241875
11472,2.0
11476,2.0
11477,2.3120993081897727
11478,1.8950972367109162
11481,2.3243179269404135
11487,2.3182891740959675
11492,2.4807541211431405
11497,1.9774337611439514
11501,2.4774337611439514
11502,2.169206593829025
11507,2.1553974086755168
11509,2.432148251802475
11515,2.436931605783678
11518,2.0
11520,2.6122216672215286
11522,2.461508242286281
11523,2.3120993081897727
11527,1.6365783481919352
11532,2.171322927533187
11538,2.3370583420265496
11540,2.171322927533187
11541,1.9774337611439514
11551,2.171322927533187
11552,2.3076721615241875
11553,2.4065761384493034
11554,2.6
11557,1.8950972367109162
11558,2.171322927533187
11564,2.181947008915161
11566,2.1553974086755168
11567,2.4807541211431405
11568,2.4156764349394004
11569,2.181947008915161
11570,2.4065761384493034
11574,2.181947008915161
11579,2.5384481076827914
11581,2.4156764349394004
11584,2.4807541211431405
11598,2.3182891740959675
11599,2.3243179269404135
11602,2.3076721615241875
11607,2.3182891740959675
11608,2.3243179269404135
11610,1.6365783481919352
11616,1.961508242286281
11618,2.3076721615241875
11620,2.4156764349394004
11621,2.4065761384493034
11623,1.9774337611439514
11628,2.0
11629,1.961508242286281
11630,1.9774337611439514
11631,2.171322927533187
11634,2.1553974086755168
11635,2.0
11638,2.0
11657,1.8950972367109162
11667,1.342645855066374
11668,1.9774337611439514
11673,2.0
11676,2.0
11677,2.0
11694,2.3182891740959675
11708,2.4065761384493034
11710,1.9774337611439514
11711,2.4887168805719755
11717,1.9548675222879026
11720,2.4065761384493034
11730,2.5872595849138635
11734,2.5872595849138635
11738,2.0748144448143524
11741,2.3061108336107643
11752,2.181947008915161
11754,1.8950972367109162
11755,1.8950972367109162
11757,1.342645855066374
11760,2.4887168805719755
11769,2.4156764349394004
11775,2.5943916084303393
11776,2.4065761384493034
11778,2.4156764349394004
11782,2.4448886668886116
11789,2.3182891740959675
11790,1.8738632115673557
11791,2.4448886668886116
11792,2.3061108336107643
11793,2.169206593829025
11802,2.4065761384493034
11804,1.9774337611439514
11805,2.181947008915161
11806,2.4448886668886116
11825,2.169206593829025
11827,1.9774337611439514
11830,2.436931605783678
11831,2.0748144448143524
11838,2.3370583420265496
11841,2.181947008915161
11846,2.181947008915161
11849,2.436931605783678
11852,2.169206593829025
11860,1.8738632115673557
11863,1.8950972367109162
11868,2.3243179269404135
11874,2.171322927533187
11882,2.181947008915161
11883,2.3061108336107643
11888,2.3076721615241875
11896,1.8950972367109162
11897,1.9774337611439514
11899,2.0748144448143524
11902,1.8950972367109162
11903,2.171322927533187
11906,2.0
11909,2.290185314753094
11910,2.171322927533187
11911,2.432148251802475
11916,2.4840744811423296
11921,1.8738632115673557
11924,2.0
11925,1.9681489622846595
11932,1.8950972367109162
11933,2.171322927533187
11934,2.4475486183554582
11935,2.3182891740959675
11939,1.8950972367109162
11940,2.181947008915161
11943,1.8950972367109162
11948,1.8950972367109162
11952,2.181947008915161
11958,2.4475486183554582
11959,1.9774337611439514
11961,2.0
11970,2.790185314753094
11973,2.790185314753094
11974,2.0
11976,2.1553974086755168
11978,1.961508242286281
11980,2.169206593829025
11986,2.169206593829025
11987,2.169206593829025
11990,2.169206593829025
11992,2.3182891740959675
11995,2.181947008915161
11999,2.171322927533187
12000,2.169206593829025
12009,2.053580419670792
12011,2.432148251802475
12014,1.8950972367109162
12017,2.0
12020,1.961508242286281
12021,2.053580419670792
12025,2.3120993081897727
12026,2.3076721615241875
12028,2.3076721615241875
12030,2.181947008915161
12033,2.181947008915161
12034,2.461508242286281
12041,2.169206593829025
12046,2.3182891740959675
12049,2.3182891740959675
12056,2.169206593829025
12058,2.3076721615241875
12059,2.3076721615241875
12061,2.053580419670792
12069,2.3076721615241875
12072,1.961508242286281
12073,1.961508242286281
12076,2.290185314753094
12079,2.053580419670792
12082,2.0748144448143524
12083,1.8950972367109162
12085,2.290185314753094
12090,2.526790209835396
12093,2.4807541211431405
12095,2.3370583420265496
12097,2.3076721615241875
12105,2.0
12119,1.9774337611439514
12123,2.0748144448143524
12124,2.0
12125,1.0
12127,2.5
12128,2.3333333333333335
12131,2.0
12134,1.6122216672215286
12135,1.6122216672215286
12137,1.342645855066374
12141,2.171322927533187
12142,2.181947008915161
12149,1.8950972367109162
12157,3.0
12160,2.3076721615241875
12163,1.9774337611439514
12165,2.4475486183554582
12166,2.3243179269404135
12176,2.3120993081897727
12178,2.1553974086755168
12184,2.1553974086755168
12186,2.169206593829025
12187,2.1553974086755168
12188,2.169206593829025
12189,2.3120993081897727
12193,2.169206593829025
12204,2.3243179269404135
12205,2.4065761384493034
12209,2.3076721615241875
12211,1.8950972367109162
12212,2.3076721615241875
12217,2.3120993081897727
12218,2.3370583420265496
12230,2.3182891740959675
12232,2.0
12233,2.169206593829025
12237,2.4840744811423296
12246,1.0
12247,2.3333333333333335
12248,2.3061108336107643
12250,2.1553974086755168
12264,2.290185314753094
12269,2.0
12270,1.961508242286281
12273,2.1553974086755168
12276,1.8738632115673557
12281,2.432148251802475
12282,2.987259584913864
12284,2.3076721615241875
12286,2.6560496540948866
12287,2.3076721615241875
12290,2.3243179269404135
12293,2.4065761384493034
12294,2.3243179269404135
12304,2.169206593829025
12308,2.790185314753094
12309,2.1553974086755168
12314,2.290185314753094
12317,1.961508242286281
12319,2.3061108336107643
12320,2.5943916084303393
12321,2.5384481076827914
12325,2.3182891740959675
12329,2.0
12331,2.4448886668886116
12332,2.290185314753094
12334,2.0748144448143524
12336,2.290185314753094
12337,1.6122216672215286
12344,1.9774337611439514
12346,2.561763903377583
12347,2.3333333333333335
12348,2.181947008915161
12350,1.8950972367109162
12355,2.3182891740959675
12357,2.4065761384493034
12359,1.9774337611439514
12360,2.3182891740959675
12366,2.171322927533187
12370,2.3370583420265496
12372,1.6365783481919352
12375,2.3370583420265496
12377,2.3182891740959675
12378,2.3182891740959675
12381,2.3076721615241875
12386,2.181947008915161
12390,2.0748144448143524
12396,2.3120993081897727
12397,2.4840744811423296
12398,2.4448886668886116
12403,2.181947008915161
12412,2.3076721615241875
12416,2.181947008915161
12417,2.169206593829025
12421,2.181947008915161
12423,2.3061108336107643
12425,2.4156764349394004
12426,2.3182891740959675
12430,2.181947008915161
12432,2.3333333333333335
12434,2.3061108336107643
12436,2.181947008915161
12437,2.741481111481019
12438,2.3061108336107643
12441,2.3182891740959675
12442,2.671322927533187
12443,2.3333333333333335
12450,2.3061108336107643
12457,2.6122216672215286
12458,2.6122216672215286
12461,2.0
12464,2.169206593829025
12473,1.8950972367109162
12475,1.8950972367109162
12477,2.169206593829025
12480,2.3182891740959675
12481,2.4156764349394004
12484,2.4807541211431405
12488,2.1553974086755168
12490,2.3243179269404135
12491,2.461508242286281
12493,1.8738632115673557
12494,2.1553974086755168
12495,1.8738632115673557
12498,2.1553974086755168
12499,2.1553974086755168
12501,2.3120993081897727
12505,2.3120993081897727
12506,2.3243179269404135
12507,2.1553974086755168
12515,2.436931605783678
12516,2.3182891740959675
12522,2.3370583420265496
12524,2.4448886668886116
12526,1.8738632115673557
12528,2.561763903377583
12531,2.181947008915161
12532,1.342645855066374
12534,2.432148251802475
12536,2.4840744811423296
12537,1.9681489622846595
12541,2.7202470863374586
12550,2.0
12551,1.342645855066374
12552,2.303245014858602
12554,1.9774337611439514
12562,2.171322927533187
12565,2.3333333333333335
12568,2.224443334443057
12569,2.171322927533187
12570,1.8950972367109162
12572,2.561763903377583
12574,2.6122216672215286
12575,2.3333333333333335
12584,2.4065761384493034
12585,2.3243179269404135
12586,2.3182891740959675
12587,2.3333333333333335
12589,2.3076721615241875
12593,1.9681489622846595
12595,1.8950972367109162
12596,1.9774337611439514
12599,2.3333333333333335
12601,2.3120993081897727
12602,2.936297924569319
12603,2.9681489622846593
12607,2.3120993081897727
12610,2.290185314753094
12611,2.4840744811423296
12621,1.9774337611439514
12622,2.3182891740959675
12625,2.181947008915161
12636,2.3182891740959675
12637,2.3243179269404135
12639,1.8950972367109162
12640,2.1553974086755168
12641,1.8950972367109162
12644,2.4065761384493034
12647,2.181947008915161
12648,2.4156764349394004
12653,1.8950972367109162
12659,1.9681489622846595
12669,1.6122216672215286
12670,2.4774337611439514
12673,2.432148251802475
12682,2.5
12684,2.4065761384493034
12691,2.181947008915161
12692,2.3076721615241875
12694,2.4807541211431405
12697,1.6365783481919352
12699,2.0
12702,1.8950972367109162
12705,1.0
12713,2.181947008915161
12716,1.6365783481919352
12719,2.671322927533187
12721,2.3333333333333335
12723,2.171322927533187
12724,1.342645855066374
12725,2.224443334443057
12726,2.4840744811423296
12727,2.4840744811423296
12733,2.432148251802475
12735,2.3182891740959675
12738,2.3061108336107643
12740,2.0748144448143524
12741,2.4840744811423296
12749,2.3243179269404135
12750,2.1553974086755168
12753,1.8738632115673557
12754,2.1553974086755168
12758,2.1553974086755168
12759,2.169206593829025
12762,2.3076721615241875
12765,2.169206593829025
12766,2.169206593829025
12769,2.461508242286281
12776,2.169206593829025
12778,2.169206593829025
12783,1.961508242286281
12787,2.290185314753094
12789,1.961508242286281
12801,2.3370583420265496
12804,1.342645855066374
12807,1.9774337611439514
12810,2.0748144448143524
12830,2.1553974086755168
12833,2.3107948173510335
12841,2.3370583420265496
12843,1.9774337611439514
12844,1.6122216672215286
12846,2.181947008915161
12850,1.8738632115673557
12856,2.7051854177956165
12859,1.9774337611439514
12864,2.741481111481019
12865,2.741481111481019
12877,1.342645855066374
12882,1.685291710132748
12884,2.181947008915161
12893,2.4065761384493034
12894,2.1553974086755168
12895,2.3243179269404135
12899,2.4156764349394004
12905,2.461508242286281
12906,2.4840744811423296
12909,2.4448886668886116
12910,2.3333333333333335
12911,2.181947008915161
12914,2.432148251802475
12923,1.8950972367109162
12929,2.3076721615241875
12930,2.3182891740959675
12933,1.961508242286281
12938,2.3076721615241875
12939,2.3370583420265496
12948,2.3182891740959675
12949,1.9681489622846595
12952,2.4774337611439514
12956,1.961508242286281
12959,2.181947008915161
12960,2.3370583420265496
12961,2.3076721615241875
12962,2.169206593829025
12966,2.432148251802475
12968,2.3076721615241875
12969,2.4065761384493034
12976,3.0
12980,3.0
12981,2.4840744811423296
12982,1.8950972367109162
12983,2.224443334443057
12987,2.3243179269404135
12988,2.3243179269404135
12992,2.4065761384493034
12995,2.1553974086755168
12997,2.436931605783678
13000,2.3061108336107643
13002,2.4475486183554582
13005,2.0
13006,2.0
13008,1.961508242286281
13011,1.9774337611439514
13014,2.3333333333333335
13017,2.171322927533187
13018,2.3333333333333335
13019,2.3333333333333335
13026,2.5
13030,2.0
13037,2.1553974086755168
13043,1.9774337611439514
13044,2.169206593829025
13047,2.4065761384493034
13049,2.1553974086755168
13050,2.3076721615241875
13054,2.169206593829025
13056,2.5872595849138635
13070,2.0
13071,2.3333333333333335
13076,1.8738632115673557
13078,1.6122216672215286
13084,1.6122216672215286
13085,1.9681489622846595
13087,1.8738632115673557
13088,2.936297924569319
13089,1.9681489622846595
13092,2.3107948173510335
13094,1.8738632115673557
13096,2.3107948173510335
13102,2.741481111481019
13103,3.0
13104,3.0
13105,3.0
13106,2.3333333333333335
13107,2.6
13109,2.1553974086755168
13115,2.4065761384493034
13118,2.5173699478145815
13119,2.3243179269404135
13126,2.4065761384493034
13128,2.3076721615241875
13134,2.4065761384493034
13138,2.181947008915161
13139,2.3076721615241875
13142,2.3182891740959675
13144,2.3182891740959675
13145,1.8950972367109162
13150,2.4807541211431405
13152,2.3076721615241875
13155,2.3076721615241875
13160,2.3182891740959675
13161,2.561763903377583
13162,1.9774337611439514
13163,2.0748144448143524
13164,2.4448886668886116
13167,1.8738632115673557
13170,1.8950972367109162
13172,2.3061108336107643
13175,2.290185314753094
13176,2.537407222407176
13183,2.181947008915161
13187,2.171322927533187
13188,2.432148251802475
13189,2.1553974086755168
13193,2.171322927533187
13195,2.171322927533187
13205,2.7370583420265495
13208,2.537407222407176
13217,2.4065761384493034
13218,2.832148251802475
13221,2.3061108336107643
13222,2.3182891740959675
13225,2.171322927533187
13228,2.3120993081897727
13232,2.3120993081897727
13237,2.0748144448143524
13240,2.436931605783678
13241,2.3076721615241875
13242,2.3076721615241875
13243,2.5776987043377586
13245,2.5943916084303393
13252,2.3076721615241875
13253,2.4065761384493034
13255,2.3076721615241875
13260,2.0748144448143524
13266,2.3076721615241875
13271,2.181947008915161
13275,2.171322927533187
13280,2.4774337611439514
13285,2.171322927533187
13289,2.3370583420265496
13293,2.3076721615241875
13295,2.4065761384493034
13302,2.5
13308,2.6
13310,1.8738632115673557
13311,1.8738632115673557
13313,2.169206593829025
13322,1.9774337611439514
13325,2.3333333333333335
13326,2.432148251802475
13327,2.169206593829025
13328,2.169206593829025
13333,2.432148251802475
13334,2.3076721615241875
13336,1.9774337611439514
13339,2.3182891740959675
13340,2.3076721615241875
13342,2.4156764349394004
13345,2.6122216672215286
13349,2.181947008915161
13355,1.9774337611439514
13359,2.3243179269404135
13361,1.8950972367109162
13365,1.961508242286281
13371,1.8950972367109162
13373,1.8950972367109162
13374,2.171322927533187
13378,2.169206593829025
13384,2.169206593829025
13387,1.9774337611439514
13392,2.3370583420265496
13394,2.3333333333333335
13398,2.0
13401,2.5
13407,1.0
13412,2.0
13415,1.0
13416,1.342645855066374
13417,1.342645855066374
13419,1.0
13420,1.0
13421,1.6122216672215286
13427,2.0748144448143524
13440,2.1553974086755168
13442,2.4840744811423296
13447,2.3370583420265496
13453,2.2820109897150416
13459,1.8950972367109162
13461,1.8950972367109162
13468,1.9774337611439514
13473,2.741481111481019
13475,1.9774337611439514
13482,2.171322927533187
13487,2.4448886668886116
13488,2.436931605783678
13493,2.0748144448143524
13494,2.0748144448143524
13495,2.3182891740959675
13497,2.3243179269404135
13501,2.169206593829025
13505,2.4065761384493034
13510,2.4065761384493034
13526,2.303245014858602
13528,2.4807541211431405
13534,1.9774337611439514
13551,2.171322927533187
13553,2.0
13555,1.8738632115673557
13559,2.1553974086755168
13563,2.4475486183554582
13564,2.1553974086755168
13568,2.3333333333333335
13574,2.181947008915161
13576,2.4807541211431405
13581,2.4840744811423296
13582,2.171322927533187
13583,1.0
13587,1.6365783481919352
13591,2.3370583420265496
13597,1.8950972367109162
13598,1.0
13604,2.3120993081897727
13606,2.4840744811423296
13607,2.3243179269404135
13608,2.3243179269404135
13610,2.3120993081897727
13617,2.3120993081897727
13618,2.3243179269404135
13620,2.169206593829025
13626,2.169206593829025
13627,2.3243179269404135
13631,2.3076721615241875
13632,2.171322927533187
13633,2.0
13637,2.171322927533187
13640,1.0
13645,2.181947008915161
13647,2.3333333333333335
13653,2.1553974086755168
13656,1.8950972367109162
13664,1.9774337611439514
13671,1.9774337611439514
13676,1.9774337611439514
13679,2.671322927533187
13682,1.8950972367109162
13684,2.3333333333333335
13687,2.3333333333333335
13688,2.181947008915161
13689,2.3120993081897727
13691,2.5943916084303393
13693,2.436931605783678
13694,2.5173699478145815
13695,2.4065761384493034
13696,2.181947008915161
13697,2.3076721615241875
13698,2.3370583420265496
13699,2.4807541211431405
13701,1.342645855066374
13702,1.9774337611439514
13704,2.3182891740959675
13706,2.3076721615241875
13709,2.6
13710,2.432148251802475
13712,2.5264702443046785
13715,2.526790209835396
13717,2.181947008915161
13722,2.171322927533187
13723,2.181947008915161
13725,2.3076721615241875
13734,1.0
13737,2.3333333333333335
13740,2.0
13741,2.181947008915161
13745,2.181947008915161
13746,2.3370583420265496
13754,2.181947008915161
13764,2.0748144448143524
13768,1.0
13775,2.5943916084303393
13778,2.181947008915161
13783,2.171322927533187
13784,2.3076721615241875
13785,2.181947008915161
13786,2.171322927533187
13792,2.3182891740959675
13795,2.4807541211431405
13801,2.741481111481019
13802,1.6365783481919352
13804,2.3333333333333335
13805,2.4065761384493034
13807,2.3061108336107643
13809,2.5384481076827914
13810,2.4156764349394004
13814,2.4887168805719755
13816,2.3182891740959675
13819,2.181947008915161
13820,2.3370583420265496
13822,2.3076721615241875
13824,2.432148251802475
13833,2.3370583420265496
13835,2.4840744811423296
13836,2.3061108336107643
13838,2.0
13844,2.4156764349394004
13846,2.540529878234022
13847,2.2820109897150416
13849,2.561763903377583
13858,1.8950972367109162
13867,2.171322927533187
13868,1.9774337611439514
13871,2.3243179269404135
13873,2.4840744811423296
13874,2.1553974086755168
13877,1.9774337611439514
13881,2.4065761384493034
13887,2.3243179269404135
13896,1.961508242286281
13899,1.9774337611439514
13902,1.8950972367109162
13905,2.290185314753094
13906,2.3120993081897727
13908,2.4448886668886116
13909,2.3243179269404135
13910,2.432148251802475
13913,2.290185314753094
13917,2.5384481076827914
13920,2.537407222407176
13922,2.3182891740959675
13925,2.0748144448143524
13927,2.171322927533187
13936,2.0748144448143524
13940,2.171322927533187
13947,2.0748144448143524
13948,2.526790209835396
13950,2.0748144448143524
13951,2.3061108336107643
13952,2.0748144448143524
13953,2.0748144448143524
13955,2.537407222407176
13966,2.6122216672215286
13967,2.8061108336107643
13976,2.3076721615241875
13982,2.4807541211431405
13987,2.436931605783678
13989,2.4065761384493034
13992,2.3076721615241875
13997,2.790185314753094
13998,2.790185314753094
13999,2.436931605783678
14001,2.569206593829025
14002,2.432148251802475
14003,2.181947008915161
14009,2.4065761384493034
14013,2.5384481076827914
14014,2.4065761384493034
14020,2.3243179269404135
14023,2.3182891740959675
14024,2.3426458550663742
14026,1.8950972367109162
14028,1.8738632115673557
14034,1.8950972367109162
14035,1.8950972367109162
14038,2.1553974086755168
14039,2.1553974086755168
14040,1.8950972367109162
14041,2.3120993081897727
14048,2.290185314753094
14049,2.3370583420265496
14055,2.181947008915161
14057,1.8738632115673557
14066,2.2820109897150416
14070,2.3426458550663742
14084,2.436931605783678
14088,2.3076721615241875
14094,2.169206593829025
14100,2.171322927533187
14104,2.4840744811423296
14108,2.3061108336107643
14114,2.181947008915161
14116,2.741481111481019
14122,2.8061108336107643
14125,2.790185314753094
14126,2.3182891740959675
14136,2.3333333333333335
14145,2.432148251802475
14148,2.3076721615241875
14149,2.3076721615241875
14160,2.0748144448143524
14163,2.0748144448143524
14165,2.169206593829025
14167,2.1553974086755168
14169,1.9774337611439514
14170,2.3243179269404135
14176,1.9774337611439514
14179,1.9774337611439514
14184,1.9774337611439514
14188,2.290185314753094
14190,2.0748144448143524
14193,2.3061108336107643
14198,2.6
14205,3.0
14208,2.561763903377583
14212,2.4448886668886116
14216,2.5173699478145815
14218,2.3182891740959675
14224,2.4065761384493034
14227,2.169206593829025
14233,2.171322927533187
14235,2.9840744811423296
14237,2.3182891740959675
14247,2.3333333333333335
14251,2.0
14254,2.181947008915161
14255,2.171322927533187
14262,2.171322927533187
14271,2.4065761384493034
14272,2.4065761384493034
14275,2.4807541211431405
14279,2.3182891740959675
14284,2.4065761384493034
14290,2.671322927533187
14291,2.171322927533187
14292,2.2820109897150416
14300,1.961508242286281
14303,2.0748144448143524
14307,2.4774337611439514
14311,2.3061108336107643
14313,2.3061108336107643
14314,2.4448886668886116
14315,1.9774337611439514
14323,2.290185314753094
14326,2.169206593829025
14331,2.169206593829025
14336,2.1553974086755168
14338,2.1553974086755168
14341,1.8950972367109162
14349,2.3243179269404135
14350,2.4065761384493034
14354,2.3243179269404135
14355,1.961508242286281
14357,2.3243179269404135
14362,2.436931605783678
14363,2.4807541211431405
14369,2.5384481076827914
14372,2.3243179269404135
14373,2.181947008915161
14375,2.4065761384493034
14378,2.3076721615241875
14381,2.3370583420265496
14383,2.4065761384493034
14386,2.4065761384493034
14389,2.4156764349394004
14396,2.3182891740959675
14402,2.0
14403,2.3182891740959675
14406,2.181947008915161
14407,2.3076721615241875
14410,1.8738632115673557
14413,1.8738632115673557
14416,1.8738632115673557
14422,2.1553974086755168
14425,2.1553974086755168
14429,2.169206593829025
14434,2.0
14436,1.8950972367109162
14438,2.0
14445,2.3243179269404135
14448,2.5872595849138635
14452,2.4448886668886116
14453,2.0
14455,2.3333333333333335
14456,2.3061108336107643
14461,3.0
14464,1.6365783481919352
14473,1.8950972367109162
14476,2.581947008915161
14483,2.9787659748564397
14485,2.0
14489,2.3243179269404135
14494,2.0
14495,1.961508242286281
14498,2.181947008915161
14500,2.3182891740959675
14503,2.181947008915161
14507,1.9774337611439514
14508,2.5776987043377586
14514,2.3076721615241875
14517,2.181947008915161
14518,2.3370583420265496
14521,2.4156764349394004
14522,2.3182891740959675
14524,2.5173699478145815
14526,2.4840744811423296
14528,2.0
14529,2.3061108336107643
14535,2.053580419670792
14543,1.685291710132748
14546,2.561763903377583
14548,1.342645855066374
14550,2.4774337611439514
14551,1.9548675222879026
14557,2.4840744811423296
14561,2.432148251802475
14563,1.9774337611439514
14564,3.0
14568,2.1553974086755168
14569,2.1553974086755168
14570,1.8950972367109162
14573,1.8738632115673557
14575,2.0
14578,2.0
14580,2.181947008915161
14597,1.961508242286281
14598,2.4475486183554582
14600,2.4774337611439514
14604,2.169206593829025
14605,2.4156764349394004
14606,2.169206593829025
14608,1.6122216672215286
14611,2.181947008915161
14612,2.4065761384493034
14614,2.4156764349394004
14615,2.181947008915161
14623,1.8950972367109162
14626,2.5
14627,2.4475486183554582
14629,2.3061108336107643
14632,2.181947008915161
14640,2.1553974086755168
14642,2.0
14645,1.8950972367109162
14649,1.6365783481919352
14650,2.169206593829025
14652,2.0
14653,2.3333333333333335
14655,2.3333333333333335
14658,1.6365783481919352
14659,2.171322927533187
14662,1.8950972367109162
14670,1.0
14673,1.6122216672215286
14677,2.3120993081897727
14679,2.3243179269404135
14682,2.3120993081897727
14685,2.0748144448143524
14687,1.6122216672215286
14689,2.0
14690,1.0
14691,1.0
14695,1.8950972367109162
14696,1.8950972367109162
14706,2.526790209835396
14714,2.3076721615241875
14716,2.169206593829025
14725,2.4156764349394004
14727,2.169206593829025
14728,2.171322927533187
14734,2.3061108336107643
14735,2.3061108336107643
14737,2.3370583420265496
14738,2.4065761384493034
14740,2.3243179269404135
14741,2.3061108336107643
14742,2.171322927533187
14743,2.3120993081897727
14750,2.4774337611439514
14751,2.181947008915161
14757,2.4807541211431405
14760,2.169206593829025
14763,2.181947008915161
14765,2.181947008915161
14770,1.9548675222879026
14774,2.6122216672215286
14781,2.0748144448143524
14784,2.171322927533187
14789,2.4840744811423296
14800,2.3182891740959675
14803,2.4065761384493034
14804,2.5384481076827914
14809,2.3076721615241875
14810,2.4065761384493034
14814,2.3182891740959675
14815,2.436931605783678
14816,2.8061108336107643
14825,2.3120993081897727
14827,2.5943916084303393
14832,2.3076721615241875
14835,2.169206593829025
14848,2.4156764349394004
14849,2.3370583420265496
14850,2.3076721615241875
14860,2.432148251802475
14862,2.290185314753094
14863,2.169206593829025
14870,2.181947008915161
14877,2.4156764349394004
14878,2.651622507429301
14883,2.5384481076827914
14889,2.4065761384493034
14891,2.4065761384493034
14896,2.526790209835396
14898,2.224443334443057
14901,2.3076721615241875
14905,2.4065761384493034
14906,2.181947008915161
14908,2.181947008915161
14909,1.9774337611439514
14917,3.0
14918,3.0
14919,2.3333333333333335
14921,1.8950972367109162
14929,2.3120993081897727
14932,2.171322927533187
14935,1.0
14936,2.171322927533187
14942,2.526790209835396
14943,2.4475486183554582
14944,2.7702649391170113
14945,2.7370583420265495
14950,2.4807541211431405
14958,1.8950972367109162
14960,2.303245014858602
14962,2.3182891740959675
14963,2.3076721615241875
14966,1.8950972367109162
14968,2.4065761384493034
14972,2.4065761384493034
14977,2.0748144448143524
14978,2.0748144448143524
14979,2.0
14987,2.0
14988,1.8950972367109162
14989,2.4840744811423296
14990,1.9774337611439514
14991,1.8950972367109162
14992,1.8950972367109162
14996,2.169206593829025
14999,2.4840744811423296
15000,2.3333333333333335
15001,2.3333333333333335
15004,1.8950972367109162
15005,2.0
15006,2.3076721615241875
15011,2.3370583420265496
15013,1.9774337611439514
15015,2.3061108336107643
15016,2.3333333333333335
15021,1.8738632115673557
15023,2.1553974086755168
15024,2.169206593829025
15025,1.342645855066374
15027,2.0
15031,2.0
15041,2.4448886668886116
15042,2.0748144448143524
15044,2.3076721615241875
15055,1.0
15056,2.1553974086755168
15062,2.1553974086755168
15068,2.0748144448143524
15069,1.6365783481919352
15071,1.9774337611439514
15073,2.181947008915161
15076,1.342645855066374
15079,1.6365783481919352
15081,1.0
15085,2.181947008915161
15086,1.8950972367109162
15090,1.9774337611439514
15091,1.6122216672215286
15098,2.3333333333333335
15100,2.181947008915161
15103,1.9774337611439514
15104,2.181947008915161
15107,1.9774337611439514
15110,1.6365783481919352
15111,1.9774337611439514
15112,1.9774337611439514
15113,2.0
15117,2.5173699478145815
15120,2.3370583420265496
15121,2.181947008915161
15122,2.3182891740959675
15123,2.3370583420265496
15126,2.4065761384493034
15129,2.3243179269404135
15133,2.4065761384493034
15135,2.540529878234022
15136,2.169206593829025
15141,2.3076721615241875
15142,1.8950972367109162
15143,2.4065761384493034
15153,1.9774337611439514
15158,2.3182891740959675
15162,1.8950972367109162
15165,2.3061108336107643
15167,1.961508242286281
15168,2.3061108336107643
15170,2.3061108336107643
15175,2.3333333333333335
15176,2.3061108336107643
15180,2.3061108336107643
15182,1.342645855066374
15186,1.9774337611439514
15196,2.3076721615241875
15199,1.8950972367109162
15205,1.9774337611439514
15207,1.8950972367109162
15209,2.3182891740959675
15210,2.181947008915161
15212,2.169206593829025
15214,2.3076721615241875
15215,1.6365783481919352
15229,2.171322927533187
15231,2.0
15232,3.0
15237,2.181947008915161
15242,2.181947008915161
15247,1.8950972367109162
15254,2.0
15255,1.8950972367109162
15256,1.0
15263,1.0
15264,2.0748144448143524
15266,2.171322927533187
15267,2.169206593829025
15273,2.3243179269404135
15276,2.169206593829025
15277,2.1553974086755168
15279,2.9787659748564397
15280,1.8950972367109162
15281,2.171322927533187
15285,2.3370583420265496
15291,1.8738632115673557
15294,2.0748144448143524
15295,2.171322927533187
15297,2.171322927533187
15301,2.181947008915161
15303,2.0
15304,2.290185314753094
15306,2.169206593829025
15308,2.1553974086755168
15310,1.342645855066374
15314,1.9774337611439514
15318,2.290185314753094
15319,2.181947008915161
15321,2.3076721615241875
15329,2.5
15332,1.8950972367109162
15333,2.3333333333333335
15336,1.9681489622846595
15346,2.3333333333333335
15347,2.181947008915161
15348,2.3182891740959675
15350,2.4807541211431405
15362,1.685291710132748
15364,2.181947008915161
15366,1.0
15369,2.3370583420265496
15370,2.4807541211431405
15374,2.3182891740959675
15375,2.4065761384493034
15376,2.4156764349394004
15380,2.3076721615241875
15381,2.545526116063978
15383,2.5776987043377586
15386,2.4156764349394004
15389,2.0748144448143524
15394,1.961508242286281
15396,1.961508242286281
15398,2.436931605783678
15403,2.5943916084303393
15409,2.4065761384493034
15419,2.5173699478145815
15420,2.4065761384493034
15421,2.3076721615241875
15424,2.3076721615241875
15427,2.3076721615241875
15428,2.436931605783678
15435,2.4065761384493034
15436,2.3076721615241875
15437,2.6553974086755168
15439,2.4156764349394004
15444,2.4774337611439514
15446,2.0
15448,2.0
15452,1.8950972367109162
15453,2.3120993081897727
15456,2.0
15460,2.0
15463,2.0
15466,2.0
15468,1.0
15469,1.0
15475,2.3333333333333335
15477,2.171322927533187
15478,2.3120993081897727
15481,2.3076721615241875
15482,2.832148251802475
15483,2.6410054948575206
15487,2.169206593829025
15489,2.3076721615241875
15490,2.303245014858602
15494,2.169206593829025
15495,2.432148251802475
15497,1.9774337611439514
15498,1.8950972367109162
15499,2.1553974086755168
15502,1.9774337611439514
15508,2.3370583420265496
15518,2.4887168805719755
15521,2.4448886668886116
15525,2.3182891740959675
15526,2.4065761384493034
15528,2.0748144448143524
15531,2.169206593829025
15533,2.6560496540948866
15540,1.8950972367109162
15543,2.3182891740959675
15549,2.4065761384493034
15550,2.4887168805719755
15555,2.5776987043377586
15557,2.3061108336107643
15558,2.436931605783678
15559,2.3182891740959675
15563,2.4475486183554582
15568,2.3370583420265496
15570,2.3120993081897727
15571,2.1553974086755168
15574,2.3333333333333335
15580,2.3076721615241875
15584,2.169206593829025
15588,2.4065761384493034
15589,2.4065761384493034
15591,2.4065761384493034
15595,2.181947008915161
15598,2.3076721615241875
15601,3.0
15606,2.053580419670792
15609,2.4840744811423296
15611,1.8950972367109162
15621,2.1553974086755168
15624,2.3076721615241875
15626,1.9774337611439514
15631,2.3370583420265496
15640,2.4065761384493034
15648,2.436931605783678
15652,2.4807541211431405
15653,2.526790209835396
15654,2.436931605783678
15671,2.3076721615241875
15673,2.3076721615241875
15675,2.3076721615241875
15676,2.169206593829025
15684,2.5
15687,2.4448886668886116
15692,2.171322927533187
15698,2.0748144448143524
15707,2.4448886668886116
15716,2.4065761384493034
15721,2.5846032969145125
15723,2.436931605783678
15725,2.4807541211431405
15726,2.4448886668886116
15729,2.5173699478145815
15740,1.9774337611439514
15744,2.3182891740959675
15746,2.1553974086755168
15754,2.540529878234022
15755,2.181947008915161
15756,2.3076721615241875
15762,2.4065761384493034
15764,2.3061108336107643
15769,2.3076721615241875
15771,2.436931605783678
15779,2.171322927533187
15782,2.181947008915161
15789,2.4156764349394004
15792,2.181947008915161
15796,2.3182891740959675
15800,2.4065761384493034
15801,2.3243179269404135
15803,1.8950972367109162
15805,2.3243179269404135
15808,2.5264702443046785
15809,2.171322927533187
15812,2.3370583420265496
15817,2.1553974086755168
15818,2.3370583420265496
15820,2.3076721615241875
15823,2.3076721615241875
15832,2.3076721615241875
15833,2.4065761384493034
15837,2.432148251802475
15838,2.4807541211431405
15839,2.3076721615241875
15842,2.3182891740959675
15847,1.0
15854,2.4807541211431405
15862,2.432148251802475
15863,2.5173699478145815
15865,2.3076721615241875
15872,2.3076721615241875
15874,2.4065761384493034
15880,2.5384481076827914
15884,2.3243179269404135
15885,2.1553974086755168
15887,2.4475486183554582
15889,2.169206593829025
15891,2.1553974086755168
15898,2.432148251802475
15900,2.6
15901,2.3182891740959675
15904,2.3076721615241875
15907,2.4156764349394004
15909,2.3370583420265496
15910,2.9681489622846593
15915,2.169206593829025
15916,2.432148251802475
15917,2.832148251802475
15918,2.171322927533187
15919,2.0748144448143524
15928,2.3182891740959675
15929,2.4807541211431405
15933,2.3182891740959675
15934,1.9774337611439514
15944,2.4448886668886116
15946,2.3182891740959675
15948,2.5
15955,2.1553974086755168
15957,1.342645855066374
15960,1.8950972367109162
15969,1.9774337611439514
15970,1.8950972367109162
15971,1.6365783481919352
15975,2.181947008915161
15980,1.9774337611439514
15981,2.181947008915161
15982,1.9774337611439514
15983,1.8738632115673557
15991,1.6365783481919352
15994,2.169206593829025
16002,1.8950972367109162
16003,1.8950972367109162
16008,1.8738632115673557
16013,1.342645855066374
16016,1.342645855066374
16017,2.3243179269404135
16024,1.8950972367109162
16026,2.171322927533187
16036,2.171322927533187
16037,1.342645855066374
16038,2.181947008915161
16045,1.8950972367109162
16046,1.8950972367109162
16047,2.3243179269404135
16049,1.342645855066374
16051,1.8950972367109162
16053,1.8950972367109162
16060,2.171322927533187
16062,2.4065761384493034
16067,2.3333333333333335
16068,2.3182891740959675
16073,1.9774337611439514
16075,2.4807541211431405
16081,2.181947008915161
16084,2.3182891740959675
16085,2.3061108336107643
16089,2.181947008915161
16092,2.432148251802475
16096,2.181947008915161
16097,2.5384481076827914
16102,2.3182891740959675
16104,2.169206593829025
16107,2.4065761384493034
16108,2.3182891740959675
16113,2.4065761384493034
16114,2.4448886668886116
16115,2.432148251802475
16119,2.0
16120,2.0
16123,2.169206593829025
16126,2.3061108336107643
16127,2.432148251802475
16129,2.3061108336107643
16130,2.0748144448143524
16134,2.171322927533187
16135,1.8950972367109162
16139,2.1553974086755168
16144,1.9774337611439514
16153,1.9681489622846595
16162,1.6365783481919352
16167,1.8950972367109162
16168,2.5384481076827914
16175,2.0
16180,2.0
16183,2.4065761384493034
16184,2.432148251802475
16188,2.1553974086755168
16199,2.0
16200,2.3061108336107643
16201,2.3333333333333335
16203,2.3182891740959675
16204,1.9774337611439514
16207,2.171322927533187
16208,2.181947008915161
16213,2.3061108336107643
16216,2.169206593829025
16217,2.4448886668886116
16221,2.3182891740959675
16224,1.8950972367109162
16229,2.3243179269404135
16239,2.171322927533187
16242,1.9774337611439514
16244,2.0
16262,2.1553974086755168
16264,1.8738632115673557
16271,1.9774337611439514
16273,2.3061108336107643
16274,2.581947008915161
16275,2.181947008915161
16280,2.4887168805719755
16281,2.3076721615241875
16283,2.3076721615241875
16287,2.5384481076827914
16289,2.4156764349394004
16297,1.9681489622846595
16302,2.3120993081897727
16305,2.3076721615241875
16307,1.8738632115673557
16308,2.169206593829025
16309,2.3076721615241875
16312,2.3061108336107643
16320,1.9681489622846595
16321,2.3120993081897727
16323,2.3370583420265496
16325,1.8950972367109162
16326,2.0
16335,2.0748144448143524
16337,2.1553974086755168
16338,2.3333333333333335
16339,2.3426458550663742
16340,2.224443334443057
16342,2.169206593829025
16348,2.3120993081897727
16350,2.3333333333333335
16361,1.9774337611439514
16362,1.6365783481919352
16364,2.3182891740959675
16371,2.526790209835396
16372,2.0
16373,2.0748144448143524
16375,2.3182891740959675
16377,2.4156764349394004
16382,2.4156764349394004
16383,2.436931605783678
16384,2.3182891740959675
16394,2.4065761384493034
16400,2.3076721615241875
16407,2.4065761384493034
16408,2.5173699478145815
16410,2.169206593829025
16416,2.3370583420265496
16419,2.3061108336107643
16421,2.1553974086755168
16424,1.8738632115673557
16425,2.053580419670792
16430,1.9774337611439514
16431,1.8950972367109162
16435,1.8950972367109162
16436,2.3370583420265496
16438,1.9681489622846595
16441,2.3370583420265496
16443,2.181947008915161
16444,2.181947008915161
16446,2.171322927533187
16449,2.169206593829025
16451,1.9774337611439514
16460,2.0
16466,2.4065761384493034
16472,2.436931605783678
16473,2.3243179269404135
16478,2.181947008915161
16479,2.181947008915161
16483,2.171322927533187
16485,2.6122216672215286
16487,1.9774337611439514
16490,2.181947008915161
16498,1.0
16500,1.9774337611439514
16504,2.0748144448143524
16505,2.3061108336107643
16508,1.8950972367109162
16511,2.0
16520,2.169206593829025
16525,2.1553974086755168
16530,2.4774337611439514
16531,2.181947008915161
16533,2.4065761384493034
16535,2.4475486183554582
16539,2.5872595849138635
16540,2.3061108336107643
16541,2.3333333333333335
16543,2.5943916084303393
16544,2.5943916084303393
16549,2.4065761384493034
16551,2.4887168805719755
16554,2.4156764349394004
16557,2.4887168805719755
16558,2.4156764349394004
16561,2.3182891740959675
16563,2.290185314753094
16565,2.3076721615241875
16569,1.9774337611439514
16572,2.181947008915161
16578,2.3243179269404135
16580,2.0748144448143524
16583,2.290185314753094
16588,2.3243179269404135
16592,2.3120993081897727
16594,2.3120993081897727
16596,2.3243179269404135
16598,2.169206593829025
16600,1.961508242286281
16601,1.8950972367109162
16603,2.3076721615241875
16605,1.6365783481919352
16607,1.9774337611439514
16611,2.3076721615241875
16615,2.3120993081897727
16621,2.3076721615241875
16623,2.169206593829025
16624,2.181947008915161
16628,2.3076721615241875
16629,2.4807541211431405
16634,2.5872595849138635
16636,2.181947008915161
16640,1.961508242286281
16642,2.3370583420265496
16650,1.342645855066374
16654,1.8950972367109162
16659,2.181947008915161
16661,2.3076721615241875
16664,1.342645855066374
16667,1.8950972367109162
16671,1.9774337611439514
16675,2.169206593829025
16681,2.3076721615241875
16685,1.961508242286281
16688,1.8950972367109162
16690,1.8950972367109162
16691,1.8950972367109162
16692,1.342645855066374
16693,1.6365783481919352
16697,1.342645855066374
16699,2.0
16702,2.0748144448143524
16703,2.4840744811423296
16712,2.3182891740959675
16713,2.3182891740959675
16714,2.181947008915161
16717,2.3182891740959675
16726,2.169206593829025
16728,1.9774337611439514
16735,2.169206593829025
16737,2.3076721615241875
16738,2.169206593829025
16740,1.8950972367109162
16742,1.9774337611439514
16749,1.8950972367109162
16758,1.9774337611439514
16759,1.9774337611439514
16760,2.1553974086755168
16761,2.290185314753094
16767,2.181947008915161
16768,2.290185314753094
16770,1.8950972367109162
16774,2.603491904920437
16782,1.8950972367109162
16783,1.6365783481919352
16786,1.8950972367109162
16794,2.0748144448143524
16801,2.3120993081897727
16803,2.3370583420265496
16814,2.053580419670792
16821,2.4065761384493034
16823,1.6365783481919352
16826,2.3107948173510335
16828,2.9840744811423296
16834,2.3061108336107643
16837,2.290185314753094
16840,2.741481111481019
16852,1.9774337611439514
16869,1.8738632115673557
16871,1.9774337611439514
16876,2.9840744811423296
16880,2.3120993081897727
16883,2.3120993081897727
16884,2.0
16893,1.9774337611439514
16896,1.961508242286281
16897,2.3333333333333335
16900,2.3333333333333335
16902,2.3333333333333335
16908,2.4065761384493034
16909,2.526790209835396
16912,2.3333333333333335
16915,1.8950972367109162
16916,1.0
16917,2.0
16924,1.9774337611439514
16925,2.171322927533187
16926,2.3333333333333335
16928,2.9681489622846593
16936,2.169206593829025
16937,2.3061108336107643
16951,1.961508242286281
16952,1.9774337611439514
16954,2.169206593829025
16960,2.0748144448143524
16974,2.0
16978,2.0
16979,2.171322927533187
16980,1.8950972367109162
16981,2.0
16983,1.342645855066374
16984,1.8950972367109162
16985,2.581947008915161
16987,1.9774337611439514
16989,1.9774337611439514
16991,2.3182891740959675
16993,2.4807541211431405
16994,2.3182891740959675
17001,2.3182891740959675
17003,2.169206593829025
17007,2.4807541211431405
17011,1.8738632115673557
17015,2.4807541211431405
17022,2.526790209835396
17023,2.545526116063978
17031,2.290185314753094
17032,2.3076721615241875
17036,1.9774337611439514
17037,2.5943916084303393
17039,1.9774337611439514
17045,2.2820109897150416
17048,2.169206593829025
17051,2.3076721615241875
17052,2.3243179269404135
17053,2.432148251802475
17056,2.3182891740959675
17059,2.3182891740959675
17060,2.3243179269404135
17063,2.169206593829025
17066,2.3182891740959675
17067,2.169206593829025
17069,2.181947008915161
17070,2.303245014858602
17071,2.9787659748564397
17073,2.171322927533187
17077,2.4475486183554582
17087,2.3061108336107643
17089,2.3061108336107643
17092,2.3076721615241875
17093,2.3182891740959675
17094,1.9774337611439514
17095,2.181947008915161
17098,1.6365783481919352
17101,1.9774337611439514
17102,2.1553974086755168
17104,2.1553974086755168
17107,2.0
17108,2.1553974086755168
17111,2.3333333333333335
17113,2.3370583420265496
17116,2.3076721615241875
17117,2.3076721615241875
17119,2.169206593829025
17123,2.3076721615241875
17126,2.0748144448143524
17128,2.169206593829025
17129,2.3370583420265496
17138,2.171322927533187
17142,1.961508242286281
17145,2.5173699478145815
17148,2.169206593829025
17152,2.4807541211431405
17157,2.3182891740959675
17160,2.6560496540948866
17163,2.5384481076827914
17165,2.1553974086755168
17167,1.9774337611439514
17169,2.4807541211431405
17171,2.3182891740959675
17178,2.4807541211431405
17179,2.0748144448143524
17185,2.4807541211431405
17192,2.5872595849138635
17194,2.3182891740959675
17196,2.171322927533187
17199,2.4156764349394004
17202,2.3370583420265496
17205,2.4065761384493034
17208,2.3061108336107643
17212,2.3243179269404135
17214,2.3182891740959675
17219,1.9774337611439514
17223,2.3076721615241875
17224,2.169206593829025
17229,1.8738632115673557
17232,2.169206593829025
17235,2.3243179269404135
17236,2.3243179269404135
17238,2.1553974086755168
17239,1.961508242286281
17240,2.1553974086755168
17245,1.8950972367109162
17246,2.3061108336107643
17250,2.3370583420265496
17254,2.5
17265,2.0
17274,1.9774337611439514
17276,2.171322927533187
17277,1.0
17281,2.3182891740959675
17283,2.4156764349394004
17286,2.3076721615241875
17287,2.0
17288,1.8950972367109162
17289,1.961508242286281
17290,1.9774337611439514
17295,2.0748144448143524
17298,2.0748144448143524
17301,2.0748144448143524
17304,2.3182891740959675
17318,2.171322927533187
17319,2.4475486183554582
17327,2.1553974086755168
17333,1.8738632115673557
17335,2.1553974086755168
17342,2.4065761384493034
17343,2.432148251802475
17346,2.181947008915161
17363,2.181947008915161
17364,2.3370583420265496
17366,1.6122216672215286
17369,2.3120993081897727
17370,2.3182891740959675
17372,2.3061108336107643
17374,2.3061108336107643
17375,1.8950972367109162
17378,2.3182891740959675
17384,2.432148251802475
17385,2.0
17387,2.3333333333333335
17388,2.0748144448143524
17389,2.181947008915161
17390,1.9774337611439514
17391,2.3333333333333335
17394,1.6122216672215286
17398,2.0748144448143524
17401,2.0
17404,2.169206593829025
17405,1.8950972367109162
17406,2.1553974086755168
17408,2.3182891740959675
17409,2.4065761384493034
17410,2.3243179269404135
17411,2.4887168805719755
17415,3.0
17418,2.3182891740959675
17419,2.5943916084303393
17420,2.3076721615241875
17422,2.741481111481019
17423,2.432148251802475
17425,2.3333333333333335
17428,2.0
17429,2.0
17442,2.3333333333333335
17443,1.961508242286281
17452,2.741481111481019
17457,2.4448886668886116
17458,2.224443334443057
17460,1.8950972367109162
17463,2.0
17469,2.303245014858602
17470,2.671322927533187
17471,1.8950972367109162
17472,2.0748144448143524
17475,1.0
17477,1.9774337611439514
17489,2.4807541211431405
17495,1.6365783481919352
17498,2.3182891740959675
17501,2.5
17504,2.169206593829025
17505,2.4065761384493034
17508,2.4807541211431405
17509,2.169206593829025
17513,2.3076721615241875
17521,2.5872595849138635
17523,2.053580419670792
17524,2.3120993081897727
17525,2.3243179269404135
17527,2.3076721615241875
17528,2.181947008915161
17529,2.741481111481019
17536,2.3182891740959675
17538,2.3061108336107643
17539,1.961508242286281
17545,2.0748144448143524
17546,3.0
17549,2.4065761384493034
17551,2.181947008915161
17552,2.181947008915161
17556,2.436931605783678
17557,2.987259584913864
17565,2.181947008915161
17566,2.3076721615241875
17570,2.3120993081897727
17572,2.7202470863374586
17579,2.169206593829025
17583,2.3370583420265496
17587,2.1553974086755168
17590,2.171322927533187
17591,2.181947008915161
17595,2.3333333333333335
17599,1.8738632115673557
17608,2.3076721615241875
17610,2.4156764349394004
17611,2.3076721615241875
17612,2.290185314753094
17614,2.3076721615241875
17616,2.169206593829025
17619,2.0748144448143524
17620,2.0748144448143524
17626,2.169206593829025
17634,2.171322927533187
17635,1.9774337611439514
17636,1.342645855066374
17637,2.1553974086755168
17639,1.9774337611439514
17640,1.961508242286281
17646,2.169206593829025
17652,2.7202470863374586
17653,2.6122216672215286
17661,2.3076721615241875
17666,2.181947008915161
17667,2.3076721615241875
17669,2.4065761384493034
17670,1.6122216672215286
17673,2.0
17675,2.3120993081897727
17676,2.9840744811423296
17679,2.169206593829025
17683,2.3182891740959675
17684,2.3182891740959675
17686,1.9774337611439514
17696,1.8738632115673557
17698,1.961508242286281
17700,2.169206593829025
17701,2.171322927533187
17703,2.1553974086755168
17704,2.171322927533187
17707,2.1553974086755168
17708,2.3107948173510335
17711,1.961508242286281
17714,2.3182891740959675
17716,2.4065761384493034
17720,1.8950972367109162
17726,2.0748144448143524
17735,1.8950972367109162
17740,2.3182891740959675
17741,1.8950972367109162
17742,2.3120993081897727
17747,2.171322927533187
17753,2.4807541211431405
17760,2.4774337611439514
17761,2.3076721615241875
17763,2.3333333333333335
17768,2.3076721615241875
17769,2.181947008915161
17770,2.3120993081897727
17773,2.4448886668886116
17775,2.3076721615241875
17779,2.0748144448143524
17780,2.290185314753094
17781,2.181947008915161
17782,2.181947008915161
17786,2.290185314753094
17789,2.3061108336107643
17791,2.4065761384493034
17792,2.171322927533187
17793,2.169206593829025
17795,2.290185314753094
17796,2.3061108336107643
17799,2.4475486183554582
17804,2.169206593829025
17810,2.3182891740959675
17811,2.171322927533187
17813,2.3076721615241875
17814,2.171322927533187
17817,2.3333333333333335
17819,2.3333333333333335
17820,2.3061108336107643
17822,2.5173699478145815
17823,2.5173699478145815
17825,2.3182891740959675
17827,2.4475486183554582
17829,2.171322927533187
17838,2.4475486183554582
17840,2.4807541211431405
17842,2.4475486183554582
17845,2.3243179269404135
17846,2.4065761384493034
17847,2.5384481076827914
17850,2.436931605783678
17852,2.4065761384493034
17853,2.171322927533187
17854,2.3243179269404135
17859,2.3243179269404135
17866,2.436931605783678
17867,2.4065761384493034
17869,2.3243179269404135
17876,2.3370583420265496
17877,2.181947008915161
17878,2.436931605783678
17884,2.436931605783678
17885,2.3182891740959675
17888,2.171322927533187
17891,2.3370583420265496
17897,2.169206593829025
17899,2.3182891740959675
17900,2.4807541211431405
17901,2.3182891740959675
17902,1.9774337611439514
17908,2.4156764349394004
17913,2.4065761384493034
17914,2.4065761384493034
17917,2.5384481076827914
17925,2.4807541211431405
17928,2.4065761384493034
17929,2.4807541211431405
17930,2.4807541211431405
17931,2.4807541211431405
17933,2.4065761384493034
17944,2.181947008915161
17947,2.3182891740959675
17953,2.4807541211431405
17957,2.4065761384493034
17959,2.4807541211431405
17960,2.4807541211431405
17963,2.3370583420265496
17965,2.4065761384493034
17971,2.4156764349394004
17977,2.4065761384493034
17980,2.3182891740959675
17981,2.4887168805719755
17982,2.4807541211431405
17991,2.4065761384493034
17998,2.181947008915161
17999,2.4065761384493034
18007,1.9774337611439514
18008,2.181947008915161
18010,1.6365783481919352
18014,1.6365783481919352
18015,2.3182891740959675
18021,2.4448886668886116
18022,1.9774337611439514
18027,1.8950972367109162
18032,2.171322927533187
18038,1.8950972367109162
18040,2.3182891740959675
18044,2.0
18050,2.4448886668886116
18053,2.3182891740959675
18056,2.0748144448143524
18059,2.3182891740959675
18064,2.181947008915161
18065,2.4448886668886116
18076,2.181947008915161
18084,1.8738632115673557
18085,1.8950972367109162
18086,1.9681489622846595
18087,1.0
18097,2.290185314753094
18098,2.6
18099,2.3061108336107643
18102,2.1553974086755168
18106,2.3182891740959675
18111,2.3076721615241875
18119,2.169206593829025
18121,2.3076721615241875
18123,2.5384481076827914
18127,2.5776987043377586
18132,2.0
18133,1.0
18135,1.342645855066374
18137,1.8950972367109162
18138,1.342645855066374
18150,2.4156764349394004
18151,2.3426458550663742
18154,1.6365783481919352
18158,2.3076721615241875
18160,1.0
18161,2.3120993081897727
18166,2.181947008915161
18170,2.181947008915161
18176,2.3182891740959675
18179,2.4807541211431405
18183,2.3061108336107643
18191,2.537407222407176
18192,2.4156764349394004
18194,2.171322927533187
18201,2.3076721615241875
18208,1.961508242286281
18209,2.0748144448143524
18212,1.9681489622846595
18215,1.0
18221,2.303245014858602
18223,1.9774337611439514
18228,2.1553974086755168
18236,1.8950972367109162
18238,2.3120993081897727
18242,2.3061108336107643
18244,2.4840744811423296
18247,2.181947008915161
18250,2.171322927533187
18253,2.3182891740959675
18255,1.961508242286281
18258,1.0
18262,2.169206593829025
18264,2.1553974086755168
18283,2.3120993081897727
18288,2.526790209835396
18289,2.053580419670792
18298,2.0
18324,2.4065761384493034
18325,1.8950972367109162
18327,2.436931605783678
18328,2.6122216672215286
18331,2.3333333333333335
18333,2.181947008915161
18336,2.290185314753094
18342,2.790185314753094
18356,2.3120993081897727
18357,2.3182891740959675
18362,2.290185314753094
18364,1.342645855066374
18368,2.169206593829025
18372,2.171322927533187
18373,2.3370583420265496
18374,2.3076721615241875
18390,2.303245014858602
18393,2.9681489622846593
18401,2.526790209835396
18402,2.181947008915161
18404,2.1553974086755168
18409,1.961508242286281
18410,2.436931605783678
18415,1.9774337611439514
18420,2.3426458550663742
18423,2.3061108336107643
18427,2.169206593829025
18430,1.342645855066374
18439,2.181947008915161
18440,1.8950972367109162
18442,1.342645855066374
18447,2.053580419670792
18448,1.0
18453,2.3120993081897727
18455,2.0748144448143524
18464,1.8950972367109162
18467,2.181947008915161
18469,2.181947008915161
18471,2.3370583420265496
18472,2.181947008915161
18473,2.3370583420265496
18475,2.3076721615241875
18476,2.3243179269404135
18477,2.5173699478145815
18480,2.3061108336107643
18483,2.3182891740959675
18486,2.181947008915161
18489,2.4065761384493034
18492,2.432148251802475
18493,2.5
18496,2.0
18498,2.0
18499,3.0
18501,2.0748144448143524
18505,1.9774337611439514
18506,2.0
18518,1.8950972367109162
18521,2.3333333333333335
18524,1.0
18525,2.5
18526,2.0
18527,1.9774337611439514
18536,2.3076721615241875
18538,2.4065761384493034
18539,2.3243179269404135
18543,2.0748144448143524
18547,2.3076721615241875
18548,1.961508242286281
18551,1.9774337611439514
18554,2.171322927533187
18556,1.9774337611439514
18558,2.053580419670792
18559,1.961508242286281
18560,2.169206593829025
18564,2.461508242286281
18573,2.540529878234022
18580,2.0
18582,1.8950972367109162
18585,2.5872595849138635
18589,1.342645855066374
18592,2.4156764349394004
18593,2.4887168805719755
18595,2.181947008915161
18597,2.4807541211431405
18599,2.0
18600,2.3076721615241875
18602,2.4774337611439514
18605,2.526790209835396
18608,2.4156764349394004
18610,2.3370583420265496
18612,2.4065761384493034
18613,2.169206593829025
18632,2.4475486183554582
18637,2.4065761384493034
18639,2.4807541211431405
18641,2.4475486183554582
18642,1.9774337611439514
18646,1.8950972367109162
18647,1.0
18649,2.3182891740959675
18651,2.3370583420265496
18653,1.8950972367109162
18657,2.432148251802475
18660,2.4475486183554582
18661,2.461508242286281
18662,2.3370583420265496
18663,2.0748144448143524
18665,2.461508242286281
18666,2.671322927533187
18669,2.3076721615241875
18670,2.537407222407176
18672,2.3370583420265496
18673,2.3182891740959675
18675,1.342645855066374
18676,2.0
18677,2.0
18679,1.0
18681,2.3120993081897727
18688,1.685291710132748
18691,2.3182891740959675
18700,1.8950972367109162
18701,2.1553974086755168
18703,2.0748144448143524
18707,2.0748144448143524
18718,2.181947008915161
18719,2.4065761384493034
18728,1.961508242286281
18729,1.9774337611439514
18737,2.4807541211431405
18738,2.4065761384493034
18742,2.169206593829025
18743,2.4807541211431405
18747,2.4156764349394004
18748,2.181947008915161
18751,2.169206593829025
18753,2.181947008915161
18757,2.569206593829025
18761,2.3182891740959675
18764,2.0
18766,2.303245014858602
18774,2.5872595849138635
18775,1.8950972367109162
18784,2.171322927533187
18787,2.3061108336107643
18790,2.3243179269404135
18794,2.3370583420265496
18796,2.1553974086755168
18798,2.0
18803,2.3370583420265496
18809,2.3370583420265496
18815,2.4156764349394004
18821,2.6122216672215286
18823,2.0
18826,1.8738632115673557
18829,1.9774337611439514
18831,2.3061108336107643
18832,2.0
18837,2.3426458550663742
18839,2.3333333333333335
18840,2.4807541211431405
18841,2.461508242286281
18844,2.0
18848,2.4065761384493034
18852,2.4807541211431405
18855,2.169206593829025
18858,2.171322927533187
18862,2.181947008915161
18864,1.0
18870,2.3370583420265496
18871,2.181947008915161
18872,2.5384481076827914
18874,1.6122216672215286
18876,2.181947008915161
18879,2.987259584913864
18880,2.181947008915161
18882,2.3076721615241875
18886,2.3076721615241875
18887,2.4065761384493034
18888,2.3333333333333335
18891,2.436931605783678
18893,2.3076721615241875
18898,2.1553974086755168
18901,2.1553974086755168
18902,2.526790209835396
18906,2.3182891740959675
18907,2.3182891740959675
18916,2.3333333333333335
18918,2.4156764349394004
18921,2.181947008915161
18923,2.1553974086755168
18925,2.3076721615241875
18928,2.4065761384493034
18935,2.0
18936,2.3182891740959675
18940,2.6122216672215286
18945,1.342645855066374
18946,1.0
18951,2.0748144448143524
18956,2.169206593829025
18959,2.181947008915161
18962,2.290185314753094
18963,1.9774337611439514
18964,2.4448886668886116
18965,2.3370583420265496
18966,2.181947008915161
18968,2.169206593829025
18973,2.1553974086755168
18981,2.181947008915161
18990,2.4156764349394004
18991,2.4887168805719755
18992,2.4807541211431405
18996,2.4065761384493034
19000,2.4065761384493034
19003,1.9774337611439514
19005,2.4065761384493034
19006,2.3076721615241875
19008,2.4065761384493034
19010,2.1553974086755168
19016,2.3076721615241875
19021,2.4807541211431405
19022,2.526790209835396
19027,2.4065761384493034
19039,2.3076721615241875
19042,2.4887168805719755
19043,1.9774337611439514
19045,2.5384481076827914
19050,2.3182891740959675
19055,2.4887168805719755
19058,2.181947008915161
19062,2.0
19064,2.4807541211431405
19066,2.3243179269404135
19067,2.3333333333333335
19069,1.9774337611439514
19070,2.181947008915161
19074,2.3370583420265496
19078,2.461508242286281
19082,2.6553974086755168
19088,2.3182891740959675
19091,2.790185314753094
19098,2.4807541211431405
19101,2.181947008915161
19104,2.4156764349394004
19108,2.4065761384493034
19114,2.3076721615241875
19116,2.3076721615241875
19118,2.4065761384493034
19121,2.4065761384493034
19123,2.3076721615241875
19137,2.169206593829025
19140,2.4156764349394004
19142,1.9774337611439514
19143,2.303245014858602
19144,2.171322927533187
19145,1.9681489622846595
19147,1.342645855066374
19148,1.9774337611439514
19149,2.1553974086755168
19151,1.342645855066374
19152,1.9681489622846595
19156,2.6553974086755168
19157,2.461508242286281
19163,2.3333333333333335
19168,3.0
19169,2.4156764349394004
19170,2.4065761384493034
19171,2.4156764349394004
19175,2.432148251802475
19176,2.6553974086755168
19179,2.0
19180,2.0
19182,2.436931605783678
19184,2.5384481076827914
19185,2.3061108336107643
19187,1.9681489622846595
19194,2.171322927533187
19198,1.9681489622846595
19200,1.6122216672215286
19204,2.4065761384493034
19213,1.9774337611439514
19214,2.3120993081897727
19216,1.9774337611439514
19224,1.0
19232,2.181947008915161
19234,2.169206593829025
19236,3.0
19238,2.3182891740959675
19239,2.181947008915161
19241,2.4065761384493034
19242,2.171322927533187
19244,2.432148251802475
19245,1.9774337611439514
19248,2.432148251802475
19252,2.4065761384493034
19257,2.0748144448143524
19263,2.5173699478145815
19264,2.4065761384493034
19268,2.4807541211431405
19276,2.6
19278,2.181947008915161
19279,2.5173699478145815
19284,2.537407222407176
19286,2.3182891740959675
19290,2.3243179269404135
19291,2.4065761384493034
19294,1.9774337611439514
19297,2.4065761384493034
19305,2.290185314753094
19311,2.436931605783678
19313,2.4475486183554582
19319,2.3061108336107643
19324,1.8950972367109162
19333,2.4156764349394004
19335,2.4807541211431405
19337,1.6122216672215286
19339,2.1553974086755168
19344,2.181947008915161
19346,1.8950972367109162
19347,2.0
19357,2.3243179269404135
19358,2.3076721615241875
19366,2.3076721615241875
19368,2.4065761384493034
19370,2.3333333333333335
19372,1.6365783481919352
19376,2.4065761384493034
19381,2.3243179269404135
19384,1.9774337611439514
19387,2.3061108336107643
19393,2.053580419670792
19395,2.0748144448143524
19396,1.9774337611439514
19399,2.3182891740959675
19403,2.290185314753094
19407,2.6
19408,1.8950972367109162
19411,2.290185314753094
19412,1.961508242286281
19413,2.290185314753094
19416,2.0748144448143524
19417,2.0
19420,2.0
19421,2.0
19427,1.9774337611439514
19429,1.9774337611439514
19435,2.4065761384493034
19441,2.4065761384493034
19442,2.4887168805719755
19443,2.4156764349394004
19449,2.3061108336107643
19450,2.9681489622846593
19452,2.1553974086755168
19453,2.169206593829025
19456,1.9681489622846595
19461,2.181947008915161
19464,2.181947008915161
19468,2.3182891740959675
19469,2.5384481076827914
19470,2.4065761384493034
19473,1.8950972367109162
19474,1.342645855066374
19491,1.0
19505,1.8950972367109162
19507,2.3243179269404135
19511,2.0748144448143524
19512,1.961508242286281
19514,1.8950972367109162
19515,2.0
19516,1.342645855066374
19519,2.181947008915161
19523,2.171322927533187
19529,2.4448886668886116
19533,2.3182891740959675
19537,2.4065761384493034
19544,2.3182891740959675
19546,2.5173699478145815
19549,2.4807541211431405
19558,2.3182891740959675
19561,2.169206593829025
19570,2.3370583420265496
19571,2.3076721615241875
19573,2.3061108336107643
19574,2.4065761384493034
19578,2.4475486183554582
19584,1.8950972367109162
19587,2.3076721615241875
19589,2.181947008915161
19591,2.169206593829025
19592,1.8950972367109162
19599,2.290185314753094
19608,2.181947008915161
19614,2.3243179269404135
19617,2.3333333333333335
19622,1.9681489622846595
19627,2.4475486183554582
19628,2.4065761384493034
19629,2.4065761384493034
19639,2.4887168805719755
19640,2.4156764349394004
19641,2.4774337611439514
19648,2.4807541211431405
19650,2.5384481076827914
19656,2.0
19658,2.4475486183554582
19659,2.181947008915161
19661,2.432148251802475
19662,2.3333333333333335
19664,2.181947008915161
19665,2.3061108336107643
19673,1.9774337611439514
19676,2.1553974086755168
19677,2.0
19686,2.4807541211431405
19687,2.4065761384493034
19690,2.3182891740959675
19692,2.0
19694,2.171322927533187
19695,2.053580419670792
19697,2.3333333333333335
19698,2.432148251802475
19699,2.181947008915161
19705,1.8950972367109162
19707,2.181947008915161
19712,1.8950972367109162
19713,2.3120993081897727
19714,1.8950972367109162
19720,2.169206593829025
19722,2.3182891740959675
19726,2.169206593829025
19731,2.4065761384493034
19735,2.4065761384493034
19742,2.303245014858602
19743,2.741481111481019
19749,1.9774337611439514
19756,2.1553974086755168
19759,2.181947008915161
19769,2.171322927533187
19774,2.224443334443057
19775,2.4448886668886116
19777,2.3076721615241875
19785,2.0748144448143524
19787,2.171322927533187
19788,2.581947008915161
19789,2.3182891740959675
19792,2.2820109897150416
19794,2.169206593829025
19795,2.4065761384493034
19803,1.342645855066374
19805,1.6365783481919352
19813,1.8950972367109162
19817,2.3076721615241875
19819,2.3076721615241875
19825,2.169206593829025
19826,2.4065761384493034
19829,2.3076721615241875
19830,2.303245014858602
19831,2.4065761384493034
19832,2.526790209835396
19838,2.3076721615241875
19843,2.3243179269404135
19849,2.4065761384493034
19851,2.3182891740959675
19853,2.4065761384493034
19857,2.4156764349394004
19858,2.3182891740959675
19861,2.3370583420265496
19862,2.4156764349394004
19863,2.432148251802475
19864,2.537407222407176
19865,2.526790209835396
19871,2.0
19872,1.0
19873,1.8950972367109162
19874,2.0
19875,2.3243179269404135
19882,2.5384481076827914
19884,2.169206593829025
19885,2.181947008915161
19886,2.181947008915161
19889,2.432148251802475
19897,2.171322927533187
19898,2.4065761384493034
19902,2.171322927533187
19905,1.6365783481919352
19906,2.0748144448143524
19911,2.3076721615241875
19912,2.169206593829025
19914,2.169206593829025
19916,2.303245014858602
19917,2.0
19925,1.8950972367109162
19927,1.8950972367109162
19928,2.0
19929,2.5
19931,2.171322927533187
19936,2.436931605783678
19941,2.0
19943,2.3061108336107643
19944,2.169206593829025
19946,2.0748144448143524
19948,2.0748144448143524
19950,1.342645855066374
19951,2.461508242286281
19952,2.169206593829025
19954,2.3182891740959675
19957,2.181947008915161
19960,2.0
19962,2.0748144448143524
19966,1.6365783481919352
19967,1.6365783481919352
19972,2.0
19979,2.3182891740959675
19981,3.0
19983,2.0748144448143524
19986,2.181947008915161
19989,2.3076721615241875
19992,2.3182891740959675
19997,2.741481111481019
19998,2.181947008915161
19999,2.3061108336107643
20009,1.8950972367109162
20010,1.8950972367109162
20023,1.8950972367109162
20024,2.3182891740959675
20027,2.171322927533187
20030,2.4065761384493034
20031,2.3061108336107643
20033,2.4156764349394004
20034,2.181947008915161
20041,1.9774337611439514
20046,2.4065761384493034
20049,2.303245014858602
20050,2.0
20053,1.9774337611439514
20063,2.4065761384493034
20064,2.432148251802475
20065,2.5384481076827914
20074,2.3182891740959675
20078,2.3076721615241875
20082,2.3182891740959675
20084,1.9774337611439514
20086,2.4840744811423296
20087,2.290185314753094
20089,2.5872595849138635
20090,2.4475486183554582
20091,1.9681489622846595
20096,1.9774337611439514
20101,2.526790209835396
20103,2.169206593829025
20105,2.4475486183554582
20108,2.5856614637665936
20112,2.3333333333333335
20117,2.461508242286281
20121,2.4807541211431405
20126,2.4840744811423296
20131,2.432148251802475
20133,2.3076721615241875
20136,2.3182891740959675
20143,2.4887168805719755
20146,2.171322927533187
20149,2.5943916084303393
20151,2.5943916084303393
20155,2.181947008915161
20157,2.0
20158,2.9787659748564397
20161,2.171322927533187
20164,2.0
20165,1.9774337611439514
20167,2.1553974086755168
20169,1.8950972367109162
20173,2.171322927533187
20178,1.8950972367109162
20181,1.8950972367109162
20183,1.342645855066374
20184,1.0
20193,2.8061108336107643
20194,1.9774337611439514
20196,2.603491904920437
20197,2.3120993081897727
20199,2.0748144448143524
20200,2.3061108336107643
20201,1.9774337611439514
20203,2.0748144448143524
20213,2.181947008915161
20217,2.3426458550663742
20220,2.0
20222,2.4840744811423296
20226,2.4840744811423296
20229,1.8950972367109162
20231,2.3333333333333335
20235,1.6365783481919352
20239,2.1553974086755168
20246,1.6365783481919352
20249,1.8950972367109162
20250,1.342645855066374
20253,1.8950972367109162
20257,2.5
20264,2.3076721615241875
20267,2.169206593829025
20270,2.3076721615241875
20271,2.4065761384493034
20272,2.3076721615241875
20274,2.0
20282,2.432148251802475
20284,2.526790209835396
20290,2.5384481076827914
20291,2.169206593829025
20292,2.4156764349394004
20296,2.4065761384493034
20298,2.3333333333333335
20300,2.4448886668886116
20311,2.0
20312,2.4065761384493034
20317,2.0
20320,2.3182891740959675
20321,2.4065761384493034
20322,2.171322927533187
20326,2.169206593829025
20336,1.342645855066374
20338,2.0
20340,1.8950972367109162
20341,2.3333333333333335
20342,1.9774337611439514
20346,2.169206593829025
20349,2.171322927533187
20352,2.181947008915161
20356,2.4065761384493034
20361,2.169206593829025
20362,2.169206593829025
20364,1.6365783481919352
20366,2.436931605783678
20370,2.5
20372,2.526790209835396
20379,1.8950972367109162
20380,1.9774337611439514
20386,2.3076721615241875
20387,2.181947008915161
20388,2.3182891740959675
20391,1.8950972367109162
20394,2.1553974086755168
20396,2.4448886668886116
20400,2.4156764349394004
20401,2.3076721615241875
20402,2.3076721615241875
20405,2.171322927533187
20406,2.4065761384493034
20409,2.4840744811423296
20412,1.8738632115673557
20414,2.290185314753094
20415,2.432148251802475
20419,2.169206593829025
20422,2.5
20428,2.3061108336107643
20433,2.4065761384493034
20434,2.4065761384493034
20437,2.4156764349394004
20438,2.3076721615241875
20439,2.4065761384493034
20457,1.8950972367109162
20458,2.0
20462,1.342645855066374
20465,2.4475486183554582
20466,1.8738632115673557
20468,2.0
20469,2.3076721615241875
20472,2.4448886668886116
20478,2.8061108336107643
20481,2.4156764349394004
20487,2.3182891740959675
20488,2.4156764349394004
20490,2.4065761384493034
20495,2.3333333333333335
20496,2.0748144448143524
20499,2.3182891740959675
20504,2.3120993081897727
20506,2.461508242286281
20512,1.0
20519,1.8950972367109162
20524,2.3061108336107643
20528,1.8950972367109162
20532,2.3182891740959675
20537,2.171322927533187
20539,1.8950972367109162
20546,2.169206593829025
20547,2.169206593829025
20549,2.181947008915161
20552,2.0748144448143524
20555,2.651622507429301
20557,3.0
20558,2.3182891740959675
20564,1.9774337611439514
20566,2.3076721615241875
20575,1.9774337611439514
20586,2.290185314753094
20596,2.0
20597,1.8738632115673557
20598,1.8738632115673557
20604,1.342645855066374
20607,2.0
20609,2.1553974086755168
20610,2.6122216672215286
20612,2.9681489622846593
20613,2.0748144448143524
20620,2.4065761384493034
20621,2.3076721615241875
20625,2.5776987043377586
20629,2.181947008915161
20630,2.3370583420265496
20631,2.4065761384493034
20635,2.5173699478145815
20636,2.4065761384493034
20638,2.171322927533187
20640,2.171322927533187
20641,2.581947008915161
20646,2.181947008915161
20648,2.526790209835396
20649,1.0
20650,2.171322927533187
20651,1.342645855066374
20654,2.5872595849138635
20656,2.3243179269404135
20660,2.1553974086755168
20663,2.4065761384493034
20667,2.3076721615241875
20668,2.169206593829025
20680,2.0
20684,2.1553974086755168
20685,2.290185314753094
20686,1.8950972367109162
20689,2.181947008915161
20690,2.3333333333333335
20691,2.171322927533187
20692,2.171322927533187
20698,1.8950972367109162
20699,1.9774337611439514
20701,2.4774337611439514
20704,2.0
20705,2.169206593829025
20710,2.171322927533187
20714,2.3076721615241875
20717,1.9774337611439514
20718,2.5384481076827914
20719,2.3120993081897727
20720,1.342645855066374
20725,2.3061108336107643
20731,2.741481111481019
20734,2.303245014858602
20735,2.3061108336107643
20738,2.3333333333333335
20739,1.8950972367109162
20740,1.961508242286281
20744,2.171322927533187
20745,2.3333333333333335
20747,2.181947008915161
20748,2.3243179269404135
20758,2.3076721615241875
20762,2.290185314753094
20765,1.6365783481919352
20772,1.9774337611439514
20777,1.9774337611439514
20781,2.3243179269404135
20782,2.1553974086755168
20787,2.436931605783678
20789,2.169206593829025
20797,2.4065761384493034
20801,2.181947008915161
20802,2.4448886668886116
20804,2.3120993081897727
20805,2.169206593829025
20806,2.1553974086755168
20807,2.436931605783678
20815,2.5384481076827914
20816,2.5384481076827914
20817,2.2820109897150416
20818,2.290185314753094
20820,2.4448886668886116
20825,2.4065761384493034
20826,2.0748144448143524
20827,2.3076721615241875
20828,2.4065761384493034
20832,2.6553974086755168
20836,2.1553974086755168
20838,2.0
20840,1.342645855066374
20846,2.5872595849138635
20847,1.6122216672215286
20849,1.961508242286281
20853,2.169206593829025
20856,1.9774337611439514
20857,2.0
20858,2.3182891740959675
20860,1.8950972367109162
20866,1.9681489622846595
20868,2.4448886668886116
20878,2.3333333333333335
20879,2.4774337611439514
20882,2.169206593829025
20883,2.5384481076827914
20888,2.3182891740959675
20890,1.6122216672215286
20891,2.053580419670792
20893,2.432148251802475
20894,2.436931605783678
20898,2.3076721615241875
20899,2.171322927533187
20908,2.671322927533187
20910,2.6
20914,2.9681489622846593
20915,2.3061108336107643
20919,2.0748144448143524
20920,2.3370583420265496
20922,2.181947008915161
20923,2.3076721615241875
20927,2.181947008915161
20928,2.1553974086755168
20930,2.1553974086755168
20933,2.1553974086755168
20934,2.171322927533187
20935,1.8950972367109162
20938,2.1553974086755168
20940,2.6553974086755168
20943,1.9774337611439514
20944,2.303245014858602
20946,2.169206593829025
20955,1.9774337611439514
20957,2.1553974086755168
20958,1.8950972367109162
20961,1.8950972367109162
20972,1.0
20974,1.342645855066374
20981,2.5384481076827914
20983,2.4065761384493034
20985,2.4807541211431405
20988,2.4807541211431405
20990,2.4065761384493034
20993,1.8950972367109162
20995,2.3076721615241875
20996,2.171322927533187
20997,2.0748144448143524
20998,2.171322927533187
21001,2.171322927533187
21002,2.741481111481019
21006,1.8950972367109162
21010,2.181947008915161
21015,1.9681489622846595
21016,2.3061108336107643
21022,2.0748144448143524
21031,2.3370583420265496
21034,2.5
21036,1.6365783481919352
21037,1.9774337611439514
21047,2.3333333333333335
21049,2.3333333333333335
21050,2.3370583420265496
21054,2.1553974086755168
21056,1.6122216672215286
21066,2.169206593829025
21067,2.171322927533187
21072,1.342645855066374
21078,2.5173699478145815
21079,2.171322927533187
21095,2.432148251802475
21105,2.3120993081897727
21107,2.526790209835396
21110,2.692290424163589
21112,2.4807541211431405
21113,3.0
21119,2.3076721615241875
21122,2.4807541211431405
21124,2.171322927533187
21125,2.4887168805719755
21127,2.3333333333333335
21131,2.290185314753094
21132,1.961508242286281
21133,1.961508242286281
21134,1.9774337611439514
21137,2.169206593829025
21141,1.9681489622846595
21144,2.7202470863374586
21146,2.0748144448143524
21147,2.4065761384493034
21154,2.290185314753094
21155,2.053580419670792
21168,2.4065761384493034
21170,1.9774337611439514
21176,2.053580419670792
21187,2.526790209835396
21190,2.5384481076827914
21197,2.432148251802475
21198,2.4807541211431405
21201,2.3182891740959675
21202,2.4807541211431405
21203,2.3370583420265496
21206,2.5384481076827914
21207,2.181947008915161
21211,2.4807541211431405
21212,2.181947008915161
21213,2.5384481076827914
21215,2.4774337611439514
21217,2.0748144448143524
21218,2.181947008915161
21219,2.0
21220,2.181947008915161
21221,1.961508242286281
21222,1.961508242286281
21223,2.3182891740959675
21231,2.3061108336107643
21239,2.1553974086755168
21241,1.8950972367109162
21244,2.169206593829025
21248,2.169206593829025
21249,2.1553974086755168
21252,2.3076721615241875
21253,2.3076721615241875
21257,1.9774337611439514
21261,2.5943916084303393
21263,2.4156764349394004
21264,2.169206593829025
21265,2.3076721615241875
21268,2.171322927533187
21269,2.4065761384493034
21272,2.4156764349394004
21274,2.432148251802475
21280,2.8061108336107643
21282,2.3243179269404135
21289,2.741481111481019
21291,2.171322927533187
21297,1.9774337611439514
21299,2.1553974086755168
21304,1.9774337611439514
21305,2.4156764349394004
21311,2.4807541211431405
21315,1.9774337611439514
21316,2.181947008915161
21317,2.3182891740959675
21318,2.4448886668886116
21319,1.9774337611439514
21324,1.8950972367109162
21326,1.8950972367109162
21330,2.171322927533187
21333,2.436931605783678
21335,2.4156764349394004
21337,2.181947008915161
21344,2.3076721615241875
21345,2.4156764349394004
21349,2.569206593829025
21350,2.6410054948575206
21352,2.3076721615241875
21355,1.8950972367109162
21356,2.581947008915161
21358,2.3182891740959675
21360,2.3182891740959675
21366,2.5943916084303393
21369,2.4156764349394004
21370,2.4807541211431405
21374,2.4887168805719755
21380,2.4774337611439514
21392,2.1553974086755168
21393,2.432148251802475
21396,2.3076721615241875
21399,2.4156764349394004
21400,2.3076721615241875
21406,2.3061108336107643
21409,2.1553974086755168
21413,2.1553974086755168
21421,2.3076721615241875
21424,2.181947008915161
21425,2.4448886668886116
21426,2.3333333333333335
21428,2.3182891740959675
21429,2.5
21433,2.4156764349394004
21434,2.3182891740959675
21437,2.181947008915161
21439,2.171322927533187
21443,2.526790209835396
21447,2.4156764349394004
21464,2.3061108336107643
21468,2.561763903377583
21470,1.8950972367109162
21472,1.8950972367109162
21474,1.8950972367109162
21477,2.169206593829025
21484,2.4065761384493034
21487,2.181947008915161
21489,2.4065761384493034
21490,2.4065761384493034
21492,2.4807541211431405
21497,2.1553974086755168
21501,1.8950972367109162
21505,2.1553974086755168
21506,2.3333333333333335
21510,1.0
21517,2.6122216672215286
21521,1.9774337611439514
21525,1.9774337611439514
21526,2.0748144448143524
21527,2.290185314753094
21532,2.3061108336107643
21535,2.4448886668886116
21539,1.8950972367109162
21545,1.9774337611439514
21548,1.6122216672215286
21552,2.9681489622846593
21557,2.3076721615241875
21558,2.3061108336107643
21560,2.3333333333333335
21561,2.171322927533187
21563,2.0748144448143524
21565,2.4065761384493034
21567,2.4156764349394004
21578,1.8950972367109162
21579,2.0748144448143524
21580,2.4774337611439514
21582,2.569206593829025
21583,2.4448886668886116
21585,2.4448886668886116
21587,2.5173699478145815
21591,2.0748144448143524
21595,2.171322927533187
21598,2.3076721615241875
21605,2.171322927533187
21614,2.303245014858602
21617,2.171322927533187
21619,2.3076721615241875
21620,2.3243179269404135
21628,2.181947008915161
21631,2.0
21635,1.342645855066374
21638,2.3182891740959675
21640,2.3182891740959675
21641,1.8950972367109162
21646,2.3120993081897727
21647,1.8950972367109162
21650,2.181947008915161
21651,2.3076721615241875
21654,2.181947008915161
21656,1.8950972367109162
21660,2.4807541211431405
21662,2.3182891740959675
21663,1.9774337611439514
21665,1.9774337611439514
21666,2.3076721615241875
21669,2.0748144448143524
21671,2.0
21673,1.9681489622846595
21678,2.3370583420265496
21684,1.8738632115673557
21685,1.961508242286281
21687,1.961508242286281
21690,2.3061108336107643
21691,2.169206593829025
21692,1.9774337611439514
21693,2.0748144448143524
21696,2.181947008915161
21704,2.1553974086755168
21706,1.8950972367109162
21707,2.3243179269404135
21710,2.432148251802475
21711,2.169206593829025
21712,2.3243179269404135
21717,2.3182891740959675
21719,2.537407222407176
21732,2.4065761384493034
21736,2.4807541211431405
21746,2.3076721615241875
21749,2.181947008915161
21758,2.537407222407176
21760,2.3182891740959675
21762,2.3182891740959675
21765,1.9774337611439514
21766,1.8950972367109162
21767,2.053580419670792
21768,2.5
21778,1.8738632115673557
21780,1.9774337611439514
21793,1.8950972367109162
21795,2.171322927533187
21796,2.1553974086755168
21806,2.3182891740959675
21807,2.4065761384493034
21809,2.4156764349394004
21811,2.181947008915161
25440,1.342645855066374
21822,2.3076721615241875
21823,2.4065761384493034
21825,2.3076721615241875
21828,2.169206593829025
21835,2.4840744811423296
21838,2.4065761384493034
21839,2.5872595849138635
21848,2.3076721615241875
21853,2.432148251802475
21863,2.169206593829025
21865,1.9774337611439514
21867,2.436931605783678
21868,2.3061108336107643
21869,2.9787659748564397
21871,2.3243179269404135
21873,2.169206593829025
21875,2.3076721615241875
21878,2.3243179269404135
21880,1.8950972367109162
21881,2.181947008915161
21883,2.432148251802475
21890,2.4807541211431405
21891,2.4065761384493034
21892,2.4807541211431405
21895,2.3076721615241875
21896,2.4065761384493034
21898,2.3182891740959675
21899,2.3076721615241875
21903,2.4065761384493034
21906,2.4807541211431405
21907,2.6560496540948866
21910,2.4065761384493034
21918,2.181947008915161
21919,2.3182891740959675
21924,2.181947008915161
21927,1.961508242286281
21928,2.4807541211431405
21937,2.4840744811423296
21938,2.4807541211431405
21939,2.181947008915161
21941,2.3076721615241875
21942,2.290185314753094
21943,2.4065761384493034
21948,2.4065761384493034
21952,2.4807541211431405
21954,2.3076721615241875
21955,2.436931605783678
21960,2.4156764349394004
21963,2.645092657376547
21968,2.4065761384493034
21970,2.4065761384493034
21973,2.436931605783678
21977,2.4065761384493034
21982,2.4065761384493034
21983,1.961508242286281
21989,2.645092657376547
21990,2.3076721615241875
21992,2.4065761384493034
21993,2.436931605783678
21999,2.0
22000,1.9681489622846595
22009,2.0748144448143524
22010,2.4448886668886116
22019,2.169206593829025
22022,2.0
22025,2.6
22032,2.0
22039,1.9774337611439514
22047,2.5846032969145125
22051,1.9774337611439514
22052,2.0748144448143524
22058,1.9774337611439514
22062,2.3182891740959675
22065,1.6365783481919352
22067,1.9774337611439514
22069,2.0
22073,1.0
22076,2.181947008915161
22078,1.9681489622846595
22091,2.169206593829025
22093,2.3182891740959675
22094,2.3243179269404135
22095,2.181947008915161
22098,1.8950972367109162
22099,2.3243179269404135
22108,1.0
22109,2.0
22110,2.0748144448143524
22125,2.3370583420265496
22127,2.4807541211431405
22129,2.0748144448143524
22130,2.290185314753094
22132,2.290185314753094
22137,2.171322927533187
22139,2.171322927533187
22149,2.181947008915161
22151,1.342645855066374
22159,2.7370583420265495
22168,2.3076721615241875
22171,2.3182891740959675
22172,2.436931605783678
22174,2.3076721615241875
22176,1.8950972367109162
22181,2.9681489622846593
22182,2.3120993081897727
22185,2.540529878234022
22186,2.3426458550663742
22189,2.1553974086755168
22197,2.4774337611439514
22198,2.303245014858602
22201,2.741481111481019
22207,2.3061108336107643
22211,2.4065761384493034
22212,2.3076721615241875
22217,2.181947008915161
22220,2.171322927533187
22225,2.171322927533187
22227,2.526790209835396
22228,2.5
22229,2.3076721615241875
22237,2.4065761384493034
22241,2.5173699478145815
22244,2.053580419670792
22246,2.3333333333333335
22247,2.9787659748564397
22251,2.0
22255,2.171322927533187
22258,1.0
22261,1.961508242286281
22265,2.0
22268,1.9681489622846595
22269,2.3243179269404135
22273,2.5
22275,2.4840744811423296
22276,2.3061108336107643
22277,2.3182891740959675
22282,2.4156764349394004
22286,2.181947008915161
22287,2.1553974086755168
22296,2.053580419670792
22299,2.1553974086755168
22302,2.4807541211431405
22307,2.3243179269404135
22318,2.4156764349394004
22319,2.181947008915161
22320,2.0748144448143524
22321,2.0748144448143524
22328,2.181947008915161
22329,2.741481111481019
22334,1.8950972367109162
22340,2.526790209835396
22341,2.1553974086755168
22352,2.9681489622846593
22355,2.3243179269404135
22356,2.169206593829025
22360,2.171322927533187
22366,2.3076721615241875
22367,2.3182891740959675
22369,2.0748144448143524
22370,1.9774337611439514
22373,2.303245014858602
22379,2.4774337611439514
22384,1.9681489622846595
22385,2.3426458550663742
22390,2.171322927533187
22391,2.3333333333333335
22393,1.9681489622846595
22395,1.961508242286281
22397,1.9774337611439514
22400,2.0748144448143524
22401,2.3076721615241875
22402,2.3243179269404135
22403,2.5264702443046785
22404,2.4065761384493034
22407,2.4065761384493034
22408,2.4156764349394004
22412,2.3182891740959675
22414,2.3076721615241875
22417,2.4065761384493034
22419,2.436931605783678
22424,2.5384481076827914
22425,2.181947008915161
22428,2.181947008915161
22430,2.3182891740959675
22446,2.0
22447,1.8950972367109162
22449,2.0
22450,1.0
22451,2.0
22453,2.5
22455,2.4065761384493034
22458,2.4807541211431405
22462,2.3182891740959675
22465,2.0
22471,2.0748144448143524
22472,2.3061108336107643
22474,2.432148251802475
22479,2.3243179269404135
22482,1.8950972367109162
22483,2.4065761384493034
22485,2.5384481076827914
22487,2.4065761384493034
22496,2.0748144448143524
22498,2.3182891740959675
22499,2.3333333333333335
22500,2.169206593829025
22501,1.0
22503,1.342645855066374
22504,2.181947008915161
22505,1.342645855066374
22509,1.9774337611439514
22511,2.4065761384493034
22515,2.169206593829025
22519,2.171322927533187
22520,2.436931605783678
22522,2.436931605783678
22523,2.3182891740959675
22524,2.4065761384493034
22526,2.171322927533187
22532,2.0
22535,2.169206593829025
22536,2.3076721615241875
22540,2.436931605783678
22543,2.0
22544,1.9774337611439514
22545,2.4840744811423296
22548,2.290185314753094
22557,2.4065761384493034
22560,2.181947008915161
22565,2.171322927533187
22570,2.8061108336107643
22571,2.169206593829025
22572,2.3061108336107643
22574,2.3243179269404135
22577,2.3243179269404135
22581,2.1553974086755168
22584,2.1553974086755168
22587,2.169206593829025
22605,2.3076721615241875
22610,1.8738632115673557
22611,2.1553974086755168
22612,2.3061108336107643
22614,2.4156764349394004
22616,2.3333333333333335
22618,1.8950972367109162
22620,1.9774337611439514
22624,2.0
22631,1.8950972367109162
22632,2.290185314753094
22634,2.1553974086755168
22635,2.3243179269404135
22638,2.3182891740959675
22641,2.3120993081897727
22643,2.4840744811423296
22647,2.0
22654,2.169206593829025
22656,2.169206593829025
22659,2.432148251802475
22660,2.169206593829025
22661,2.3333333333333335
22664,1.8950972367109162
22665,2.3120993081897727
22671,1.8950972367109162
22675,2.0
22677,2.5872595849138635
22681,2.9787659748564397
22692,2.526790209835396
22695,2.4065761384493034
22697,2.3182891740959675
22702,2.4156764349394004
22712,2.181947008915161
22717,2.4065761384493034
22719,1.9774337611439514
22720,2.181947008915161
22722,2.181947008915161
22729,2.4065761384493034
22736,2.169206593829025
22738,2.3076721615241875
22740,2.169206593829025
22741,2.3076721615241875
22742,2.169206593829025
22753,2.6122216672215286
22758,2.3182891740959675
22760,1.6122216672215286
22764,1.8738632115673557
22766,1.8950972367109162
22769,1.961508242286281
22770,2.181947008915161
22771,2.3182891740959675
22775,1.9774337611439514
22776,2.171322927533187
22779,1.8738632115673557
22780,2.4840744811423296
22781,1.9774337611439514
22784,2.432148251802475
22785,2.3333333333333335
22789,1.8950972367109162
22791,2.171322927533187
22795,2.3120993081897727
22798,2.4156764349394004
22799,1.8950972367109162
22812,1.6365783481919352
22816,2.3182891740959675
22819,2.171322927533187
22820,2.3076721615241875
22822,2.3243179269404135
22824,1.8950972367109162
22828,2.171322927533187
22839,2.4065761384493034
22847,2.3370583420265496
22848,2.4807541211431405
22850,2.0
22852,2.0
22854,2.0
22858,2.1553974086755168
22859,1.8950972367109162
22860,2.0748144448143524
22866,2.181947008915161
22869,2.0748144448143524
22871,2.0748144448143524
22879,2.3243179269404135
22882,2.3076721615241875
22884,2.169206593829025
22886,2.4065761384493034
22887,2.3076721615241875
22888,2.169206593829025
22890,2.461508242286281
22892,2.3076721615241875
22893,1.961508242286281
22896,1.8950972367109162
22899,2.3061108336107643
22901,2.1553974086755168
22902,2.1553974086755168
22903,2.3107948173510335
22905,2.3107948173510335
22912,2.0
22915,1.961508242286281
22919,2.6122216672215286
22926,1.8950972367109162
22927,1.8950972367109162
22931,1.9681489622846595
22935,2.432148251802475
22939,2.181947008915161
22943,2.4065761384493034
22944,2.4065761384493034
22945,1.6122216672215286
22947,2.5
22948,1.9774337611439514
22950,2.3120993081897727
22952,1.9774337611439514
22954,1.961508242286281
22956,2.181947008915161
22964,2.432148251802475
22965,2.3076721615241875
22970,2.3243179269404135
22991,2.3076721615241875
22994,1.9774337611439514
22998,2.3333333333333335
23002,2.3182891740959675
23003,2.171322927533187
23012,2.5
23018,2.4448886668886116
23019,1.9774337611439514
23022,1.9681489622846595
23023,2.1553974086755168
23026,1.9681489622846595
23031,2.3243179269404135
23032,2.3243179269404135
23052,1.6365783481919352
23059,2.432148251802475
23063,2.4774337611439514
23064,2.4156764349394004
23071,2.171322927533187
23081,2.6410054948575206
23086,2.3061108336107643
23087,2.3370583420265496
23090,2.741481111481019
23094,2.436931605783678
23101,2.4065761384493034
23107,2.4807541211431405
23112,2.181947008915161
23114,1.6365783481919352
23115,1.8950972367109162
23120,1.9774337611439514
23122,1.9774337611439514
23135,2.3061108336107643
23136,2.181947008915161
23140,1.9681489622846595
23144,1.961508242286281
23145,2.169206593829025
23148,2.290185314753094
23151,2.181947008915161
23155,2.4156764349394004
23159,2.3076721615241875
23161,2.169206593829025
23163,2.181947008915161
23164,2.3243179269404135
23169,2.4774337611439514
23171,2.3426458550663742
23172,2.3182891740959675
23179,2.169206593829025
23180,2.1553974086755168
23181,2.3182891740959675
23186,2.0
23188,2.0
23194,2.0
23198,2.181947008915161
23209,1.0
23218,2.6553974086755168
23225,2.171322927533187
23228,2.4156764349394004
23229,2.169206593829025
23231,2.169206593829025
23232,2.290185314753094
23234,2.3182891740959675
23237,2.461508242286281
23238,2.3182891740959675
23240,1.342645855066374
23243,2.3182891740959675
23246,2.0
23247,1.0
23249,1.342645855066374
23252,2.3333333333333335
23254,1.9774337611439514
23255,1.9774337611439514
23257,2.0
23260,2.290185314753094
23261,2.171322927533187
23264,1.8950972367109162
23268,2.4156764349394004
23272,2.0
23273,2.303245014858602
23274,1.685291710132748
23277,2.4840744811423296
23280,2.3243179269404135
23284,2.169206593829025
23285,2.4065761384493034
23287,2.1553974086755168
23288,1.8950972367109162
23292,2.3061108336107643
23295,2.171322927533187
23296,1.9774337611439514
23297,2.4065761384493034
23298,2.181947008915161
23300,1.6365783481919352
23301,1.9774337611439514
23302,2.053580419670792
23309,2.4065761384493034
23310,2.3370583420265496
23312,2.3370583420265496
23313,2.181947008915161
23317,2.432148251802475
23319,2.3370583420265496
23322,2.169206593829025
23325,2.3061108336107643
23328,2.171322927533187
23335,2.290185314753094
23336,2.4448886668886116
23340,2.5
23348,2.3182891740959675
23356,2.169206593829025
23357,2.4065761384493034
23358,2.3061108336107643
23360,2.537407222407176
23362,2.3076721615241875
23364,2.3076721615241875
23365,1.9774337611439514
23367,1.8950972367109162
23368,2.169206593829025
23370,2.181947008915161
23373,2.290185314753094
23374,1.8738632115673557
23376,2.4887168805719755
23378,2.4887168805719755
23384,2.4448886668886116
23393,2.171322927533187
23396,2.171322927533187
23397,2.0748144448143524
23399,2.4840744811423296
23400,2.0
23401,2.3333333333333335
23406,2.171322927533187
23408,2.4774337611439514
23410,2.8707405557405097
23411,2.3076721615241875
23416,2.4807541211431405
23421,2.0748144448143524
23430,2.6410054948575206
23441,2.5846032969145125
23445,2.4807541211431405
23448,2.169206593829025
23451,2.171322927533187
23453,2.1553974086755168
23457,1.961508242286281
23458,1.9681489622846595
23460,1.6365783481919352
23464,2.171322927533187
23466,1.6122216672215286
23468,2.3182891740959675
23470,2.0748144448143524
23474,2.3370583420265496
23478,2.171322927533187
23480,1.961508242286281
23487,2.3120993081897727
23496,2.3061108336107643
23497,2.5384481076827914
23500,2.3076721615241875
23505,2.3182891740959675
23511,2.171322927533187
23513,1.9774337611439514
23515,2.181947008915161
23521,2.0748144448143524
23526,2.561763903377583
23529,3.0
23536,2.3076721615241875
23538,2.4065761384493034
23541,2.3182891740959675
23543,2.0
23549,1.9774337611439514
23551,2.6560496540948866
23557,2.569206593829025
23568,2.432148251802475
23569,2.432148251802475
23574,1.342645855066374
23575,1.8950972367109162
23581,2.4065761384493034
23584,1.8738632115673557
23588,2.4065761384493034
23593,2.3182891740959675
23595,2.181947008915161
23602,2.741481111481019
23611,2.1553974086755168
23613,2.1553974086755168
23617,2.0
23619,2.0
23626,2.9681489622846593
23630,3.0
23634,2.181947008915161
23639,2.5173699478145815
23642,1.8950972367109162
23643,2.0
23646,2.4475486183554582
23647,1.8950972367109162
23648,2.4156764349394004
23649,2.3061108336107643
23651,2.169206593829025
23658,2.4448886668886116
23663,2.053580419670792
23666,2.3333333333333335
23667,1.342645855066374
23668,1.6365783481919352
23670,2.303245014858602
23674,2.4448886668886116
23675,2.3061108336107643
23680,2.169206593829025
23686,2.3370583420265496
23688,1.9774337611439514
23692,1.8950972367109162
23696,2.4065761384493034
23697,2.171322927533187
23698,2.3370583420265496
23700,1.8950972367109162
23704,2.171322927533187
23706,2.290185314753094
23709,2.181947008915161
23716,1.9774337611439514
23731,2.3370583420265496
23732,2.3076721615241875
23733,2.0
23736,1.8950972367109162
23738,2.4065761384493034
23739,2.3076721615241875
23742,2.169206593829025
23744,2.3076721615241875
23747,2.3333333333333335
23748,2.5872595849138635
23755,2.3243179269404135
23757,2.290185314753094
23759,2.3076721615241875
23768,2.4448886668886116
23770,2.432148251802475
23777,2.3061108336107643
23779,2.3120993081897727
23780,2.3243179269404135
23783,1.9681489622846595
23785,1.342645855066374
23786,1.6122216672215286
23788,2.4065761384493034
23789,2.4807541211431405
23794,2.3182891740959675
23798,2.645092657376547
23800,2.4807541211431405
23801,2.4807541211431405
23803,2.526790209835396
23805,2.569206593829025
23811,2.5
23812,2.3426458550663742
23819,2.5943916084303393
23821,2.3076721615241875
23823,2.171322927533187
23824,2.4156764349394004
23825,2.4887168805719755
23826,2.4065761384493034
23828,2.4065761384493034
23830,2.4065761384493034
23831,1.9774337611439514
23840,1.9774337611439514
23841,2.0
23842,2.3076721615241875
23847,1.9774337611439514
23848,2.3370583420265496
23853,2.169206593829025
23855,1.6122216672215286
23857,1.8738632115673557
23861,2.0748144448143524
23862,2.1553974086755168
23863,2.1553974086755168
23869,1.961508242286281
23870,1.6365783481919352
23871,1.9548675222879026
23875,1.9774337611439514
23883,1.6365783481919352
23888,2.3182891740959675
23891,2.3370583420265496
23894,1.9774337611439514
23895,2.3076721615241875
23896,2.540529878234022
23899,2.3107948173510335
23902,2.1553974086755168
23903,2.3076721615241875
23904,2.4807541211431405
23907,2.3061108336107643
23908,2.3182891740959675
23910,2.181947008915161
23913,1.8950972367109162
23918,1.9774337611439514
23921,2.4065761384493034
23922,2.1553974086755168
23927,2.4065761384493034
23931,2.4065761384493034
23933,2.0
23943,1.0
23944,1.8950972367109162
23948,1.9774337611439514
23950,1.8738632115673557
23951,2.3076721615241875
23961,2.4156764349394004
23970,2.3182891740959675
23971,2.3370583420265496
23972,2.4774337611439514
23973,2.3182891740959675
23974,2.0748144448143524
23979,2.303245014858602
23980,1.9774337611439514
23981,2.181947008915161
23984,2.303245014858602
23986,2.4448886668886116
23988,2.3243179269404135
23991,2.1553974086755168
23994,2.3243179269404135
23999,2.4065761384493034
24004,1.8950972367109162
24007,2.4065761384493034
24011,2.7702649391170113
24013,2.4475486183554582
24016,2.3370583420265496
24025,2.224443334443057
24028,2.3333333333333335
24032,2.4475486183554582
24033,1.8950972367109162
24035,2.6410054948575206
24037,2.561763903377583
24038,1.9774337611439514
24040,2.181947008915161
24041,1.9774337611439514
24042,1.9774337611439514
24044,2.4065761384493034
24045,2.4156764349394004
24049,2.171322927533187
24050,2.181947008915161
24051,2.171322927533187
24053,2.526790209835396
24060,2.4807541211431405
24061,1.8950972367109162
24062,2.4807541211431405
24065,2.3370583420265496
24069,2.3182891740959675
24079,2.303245014858602
24088,2.3076721615241875
24099,2.432148251802475
24100,2.5173699478145815
24101,2.3182891740959675
24103,2.4065761384493034
24105,2.432148251802475
24106,2.5384481076827914
24139,2.6
24142,2.4065761384493034
24145,2.6
24151,2.3182891740959675
24152,2.3182891740959675
24154,1.9774337611439514
24157,2.3243179269404135
24158,2.181947008915161
24159,2.181947008915161
24166,2.4887168805719755
24170,2.3370583420265496
24173,2.181947008915161
24174,2.3182891740959675
24176,2.4156764349394004
24177,2.4156764349394004
24178,2.181947008915161
24182,2.3182891740959675
24183,1.8950972367109162
24184,2.169206593829025
24187,2.181947008915161
24189,2.181947008915161
24190,2.169206593829025
24195,2.053580419670792
24197,1.0
24202,2.3182891740959675
24205,2.4807541211431405
24206,2.4065761384493034
24207,2.4807541211431405
24210,2.4807541211431405
24214,2.6560496540948866
24216,2.3182891740959675
24219,2.4448886668886116
24222,2.581947008915161
24223,2.3182891740959675
24226,2.3333333333333335
24228,2.5
24230,2.741481111481019
24234,2.3061108336107643
24238,2.4156764349394004
24245,2.181947008915161
24248,2.4156764349394004
24254,2.5943916084303393
24258,2.3243179269404135
24259,2.3243179269404135
24265,1.342645855066374
24271,2.3370583420265496
24276,1.8950972367109162
24278,1.8950972367109162
24279,1.342645855066374
24280,2.1553974086755168
24283,1.8950972367109162
24287,1.8950972367109162
24290,1.342645855066374
24295,1.342645855066374
24296,1.8950972367109162
24299,2.3370583420265496
24306,2.3182891740959675
24308,2.169206593829025
24313,2.3061108336107643
24316,2.4065761384493034
24318,2.3182891740959675
24319,2.526790209835396
24323,1.8950972367109162
24325,2.6122216672215286
24326,2.303245014858602
24328,2.0
24330,2.3333333333333335
24337,2.0748144448143524
24338,2.436931605783678
24339,1.0
24341,1.6122216672215286
24344,1.9681489622846595
24345,2.1553974086755168
24348,1.8950972367109162
24361,2.3182891740959675
24367,2.3333333333333335
24370,2.0
24375,2.4448886668886116
24378,2.5
24380,1.8950972367109162
24383,1.8950972367109162
24384,1.6365783481919352
24387,1.342645855066374
24393,2.3333333333333335
24399,2.561763903377583
24400,1.8950972367109162
24404,2.3076721615241875
24406,2.3182891740959675
24409,2.432148251802475
24410,2.4065761384493034
24411,1.8738632115673557
24412,2.3243179269404135
24415,2.3243179269404135
24416,2.4065761384493034
24417,1.961508242286281
24419,2.3333333333333335
24422,2.169206593829025
24423,1.8950972367109162
24428,2.0
24429,2.0748144448143524
24430,2.6122216672215286
24432,2.3333333333333335
24434,2.1553974086755168
24437,2.169206593829025
24441,2.169206593829025
24457,2.537407222407176
24458,2.3182891740959675
24463,1.9681489622846595
24468,2.3076721615241875
24472,2.2820109897150416
24475,2.1553974086755168
24476,2.3243179269404135
24478,2.4065761384493034
24481,2.436931605783678
24483,1.9774337611439514
24487,1.0
24488,2.171322927533187
24495,2.0
24496,2.169206593829025
24498,2.4448886668886116
24500,2.181947008915161
24501,2.171322927533187
24502,2.169206593829025
24503,1.8738632115673557
24507,2.3076721615241875
24511,2.181947008915161
24514,2.436931605783678
24515,2.3370583420265496
24518,2.4448886668886116
24523,1.342645855066374
24525,2.290185314753094
24527,1.8950972367109162
24529,2.3370583420265496
24530,2.181947008915161
24531,2.741481111481019
24536,2.169206593829025
24542,2.526790209835396
24545,2.4156764349394004
24549,2.537407222407176
24550,2.3182891740959675
24552,2.4807541211431405
24554,2.603491904920437
24560,2.4065761384493034
24561,2.169206593829025
24562,2.3182891740959675
24567,2.3076721615241875
24568,2.169206593829025
24572,2.3243179269404135
24576,2.169206593829025
24577,2.3076721615241875
24592,2.181947008915161
24593,2.3061108336107643
24595,1.342645855066374
24600,2.171322927533187
24604,2.1553974086755168
24605,2.3243179269404135
24606,2.181947008915161
24609,1.342645855066374
24610,1.342645855066374
24622,1.342645855066374
24626,2.171322927533187
24627,2.4156764349394004
24630,2.3182891740959675
24638,2.181947008915161
24640,2.5264702443046785
24641,1.8738632115673557
24644,2.3076721615241875
24651,2.5
24654,1.9774337611439514
24656,2.181947008915161
24663,2.4065761384493034
24665,2.4065761384493034
24669,2.3061108336107643
24670,2.290185314753094
24672,2.3061108336107643
24675,2.3061108336107643
24676,2.0748144448143524
24678,1.8738632115673557
24680,2.3120993081897727
24681,2.0
24682,1.8738632115673557
24683,2.3120993081897727
24685,2.432148251802475
24689,2.9681489622846593
24692,2.4840744811423296
24699,1.342645855066374
24700,1.8950972367109162
24704,2.290185314753094
24706,2.3333333333333335
24707,2.3061108336107643
24722,2.5943916084303393
24723,2.3061108336107643
24724,2.3182891740959675
24730,2.4448886668886116
24731,3.0
24732,2.181947008915161
24734,2.4065761384493034
24737,2.3076721615241875
24743,2.181947008915161
24746,2.432148251802475
24748,2.3182891740959675
24751,2.3182891740959675
24753,2.3370583420265496
24757,2.5173699478145815
24759,2.169206593829025
24761,2.3370583420265496
24764,2.4448886668886116
24766,2.6
24767,2.3076721615241875
24773,2.4887168805719755
24776,2.3243179269404135
24778,2.4475486183554582
24782,2.4065761384493034
24786,3.0
24793,2.3076721615241875
24795,2.3243179269404135
24799,2.171322927533187
24810,2.3076721615241875
24812,2.5173699478145815
24814,2.4065761384493034
24822,2.3182891740959675
24823,2.171322927533187
24824,2.4807541211431405
24825,2.4065761384493034
24826,2.4807541211431405
24828,2.3120993081897727
24836,2.4887168805719755
24837,2.4774337611439514
24838,2.3182891740959675
24842,2.4065761384493034
24844,2.4065761384493034
24845,2.436931605783678
24851,2.3333333333333335
24852,2.169206593829025
24853,2.3182891740959675
24854,1.0
24868,1.8950972367109162
24872,1.0
24877,1.0
24887,2.3120993081897727
24888,1.342645855066374
24890,1.0
24891,2.224443334443057
24912,1.0
24914,1.6365783481919352
24916,1.342645855066374
24924,2.580370629506188
24929,1.9774337611439514
24930,1.342645855066374
24935,3.0
24948,3.0
24950,1.6122216672215286
24951,2.0
24953,1.342645855066374
24954,1.342645855066374
24955,2.1553974086755168
24964,1.8950972367109162
24966,1.0
24972,1.0
24973,1.0
24974,1.8950972367109162
24975,1.342645855066374
24981,1.0
24983,1.685291710132748
24985,1.342645855066374
24986,2.171322927533187
24987,1.342645855066374
24989,1.342645855066374
24991,1.6365783481919352
24994,2.169206593829025
24996,2.171322927533187
24999,1.0
25002,1.9681489622846595
25004,1.8950972367109162
25009,2.4774337611439514
25010,1.8950972367109162
25011,2.0
25012,2.0
25016,1.6122216672215286
25021,1.685291710132748
25028,2.3076721615241875
25034,2.0
25035,2.171322927533187
25037,1.9681489622846595
25038,1.342645855066374
25043,3.0
25047,1.9681489622846595
25048,1.8950972367109162
25051,1.961508242286281
25053,1.342645855066374
25054,1.961508242286281
25059,1.6122216672215286
25063,1.9548675222879026
25064,1.9548675222879026
25065,2.0
25068,2.6122216672215286
25075,1.342645855066374
25076,1.0
25077,2.3333333333333335
25082,2.0
25084,2.3120993081897727
25085,1.8738632115673557
25090,3.0
25100,2.3426458550663742
25101,1.342645855066374
25106,1.961508242286281
25111,2.3061108336107643
25112,2.0
25114,1.9548675222879026
25119,1.0
25127,1.8950972367109162
25128,2.3370583420265496
25130,1.0
25132,1.9774337611439514
25134,1.0
25138,1.6365783481919352
25139,2.181947008915161
25140,2.171322927533187
25144,2.181947008915161
25149,3.0
25150,1.685291710132748
25151,1.342645855066374
25153,2.561763903377583
25155,2.0748144448143524
25157,1.9774337611439514
25167,2.224443334443057
25171,1.0
25174,2.169206593829025
25175,1.685291710132748
25179,2.290185314753094
25181,1.6122216672215286
25189,1.6365783481919352
25190,1.0
25194,2.0
25195,3.0
25205,1.0
25207,1.342645855066374
25211,1.0
25225,1.9774337611439514
25228,1.9774337611439514
25236,1.342645855066374
25238,2.3120993081897727
25239,2.3426458550663742
25243,2.3426458550663742
25247,1.6365783481919352
25255,1.6365783481919352
25256,1.8950972367109162
25259,1.342645855066374
25260,1.342645855066374
25261,2.741481111481019
25262,1.9774337611439514
25270,1.342645855066374
25272,1.8950972367109162
25276,1.0
25278,1.0
25279,2.7243179269404134
25282,1.961508242286281
25288,1.8950972367109162
25289,2.3426458550663742
25292,2.3120993081897727
25296,1.0
25298,2.3076721615241875
25303,2.0
25316,2.3426458550663742
25317,1.9548675222879026
25324,1.8950972367109162
25334,2.171322927533187
25336,1.0
25338,1.6365783481919352
25343,1.6365783481919352
25349,1.8738632115673557
25357,2.3243179269404135
25359,2.303245014858602
25362,1.0
25365,2.171322927533187
25367,1.6122216672215286
25370,1.9681489622846595
25374,1.9681489622846595
25379,2.171322927533187
25381,2.0748144448143524
25388,2.0
25391,1.0
25392,2.0748144448143524
25400,1.0
25401,2.3426458550663742
25403,1.0
25411,2.3426458550663742
25418,2.3426458550663742
25419,2.1553974086755168
25423,2.171322927533187
25427,2.3426458550663742
25432,1.9774337611439514
25435,1.0
25437,1.6365783481919352
25444,2.741481111481019
25447,2.303245014858602
25448,1.0
25450,2.436931605783678
25451,1.342645855066374
25452,2.0748144448143524
25458,1.0
25463,1.342645855066374
25465,1.342645855066374
25468,1.0
25470,1.0
25475,1.9548675222879026
25484,1.0
25489,1.9774337611439514
25490,1.8950972367109162
25493,2.224443334443057
25494,1.8738632115673557
25502,1.6122216672215286
25504,3.0
25506,2.0
25507,1.6365783481919352
25510,1.6122216672215286
25513,1.342645855066374
25515,1.342645855066374
25517,2.2820109897150416
25519,1.9774337611439514
25521,1.685291710132748
25525,1.8738632115673557
25526,1.6365783481919352
25527,1.9548675222879026
25532,1.0
25533,2.0
25534,2.169206593829025
25535,1.9774337611439514
25536,2.181947008915161
25542,1.9681489622846595
25543,1.6365783481919352
25545,1.6122216672215286
25547,2.224443334443057
25549,2.169206593829025
25550,1.8950972367109162
25561,1.0
25566,2.0
25567,2.0
25569,2.1553974086755168
25572,1.342645855066374
25574,1.8950972367109162
25580,2.3333333333333335
25582,2.3426458550663742
25586,1.0
25590,2.3076721615241875
25591,1.9681489622846595
25594,2.6122216672215286
25595,1.342645855066374
25597,1.9681489622846595
25599,1.6365783481919352
25603,1.0
25605,1.6365783481919352
25607,3.0
25609,1.6365783481919352
25610,1.0
25614,1.9774337611439514
25615,1.8950972367109162
25620,1.8950972367109162
25623,2.3076721615241875
25625,1.8950972367109162
25629,1.342645855066374
25631,1.342645855066374
25633,1.0
25634,1.6122216672215286
25635,2.3333333333333335
25646,1.8950972367109162
25648,2.3426458550663742
25652,1.8738632115673557
25653,1.8950972367109162
25654,2.3076721615241875
25658,1.8950972367109162
25660,1.6122216672215286
25662,1.685291710132748
25663,2.3426458550663742
25669,2.0748144448143524
25670,2.0
25672,1.8738632115673557
25674,2.3370583420265496
25675,1.6365783481919352
25677,1.342645855066374
25678,1.0
25680,1.0
25683,1.0
25695,1.342645855066374
25696,1.0
25701,2.169206593829025
25702,2.0
25707,1.8950972367109162
25711,2.171322927533187
25715,1.8950972367109162
25723,1.8950972367109162
25726,1.9774337611439514
25730,2.3333333333333335
25734,1.0
25738,1.342645855066374
25740,1.0
25745,2.540529878234022
25747,1.6365783481919352
25749,1.6122216672215286
25755,2.181947008915161
25758,1.0
25761,1.342645855066374
25764,1.0
25766,1.342645855066374
25768,1.8738632115673557
25777,2.3076721615241875
25780,1.9774337611439514
25781,1.0
25783,1.6365783481919352
25784,1.0
25787,2.3426458550663742
25790,2.1553974086755168
25791,2.303245014858602
25793,1.8950972367109162
25796,1.0
25797,1.685291710132748
25798,2.181947008915161
25802,1.8950972367109162
25806,1.342645855066374
25807,2.0748144448143524
25808,2.171322927533187
25809,2.3426458550663742
25817,2.181947008915161
25822,2.540529878234022
25823,1.0
25827,2.0748144448143524
25829,1.342645855066374
25831,2.0
25835,1.0
25836,1.6365783481919352
25837,1.0
25842,2.0
25843,2.0
25846,1.0
25854,2.4065761384493034
25861,1.342645855066374
25863,1.8950972367109162
25865,1.342645855066374
25866,2.0
25868,1.0
25876,2.3426458550663742
25877,2.0
25879,2.171322927533187
25886,1.9774337611439514
25892,1.9681489622846595
25895,2.3061108336107643
25902,1.8950972367109162
25911,1.342645855066374
25917,1.8738632115673557
25918,2.4065761384493034
25920,1.9774337611439514
25921,2.3333333333333335
25923,1.0
25925,2.3426458550663742
25927,2.171322927533187
25928,2.9681489622846593
25929,1.9774337611439514
25931,1.342645855066374
25932,1.0
25933,1.342645855066374
25936,1.0
25938,1.342645855066374
25941,2.1553974086755168
25945,2.3120993081897727
25947,1.8738632115673557
25949,2.0748144448143524
25957,1.685291710132748
25958,2.0748144448143524
25963,2.1553974086755168
25967,2.1553974086755168
25970,2.181947008915161
25972,2.3333333333333335
25977,2.4774337611439514
25979,2.2820109897150416
25980,1.961508242286281
25984,1.8950972367109162
25992,1.0
25994,1.8738632115673557
25996,2.0
25997,1.0
26002,2.0
26008,1.342645855066374
26010,2.171322927533187
26011,1.6122216672215286
26012,1.0
26014,1.6122216672215286
26015,1.0
26021,2.3076721615241875
26024,1.8950972367109162
26027,2.0
26028,1.9774337611439514
26031,1.0
26032,2.3370583420265496
26033,2.3076721615241875
26034,2.3076721615241875
26038,3.0
26039,1.8950972367109162
26040,2.3107948173510335
26042,2.5872595849138635
26049,1.0
26050,2.0748144448143524
26052,1.0
26055,1.342645855066374
26056,1.342645855066374
26057,1.0
26065,1.6365783481919352
26069,2.0748144448143524
26070,2.561763903377583
26072,2.303245014858602
26073,1.8738632115673557
26075,1.0
26080,1.342645855066374
26081,1.342645855066374
26082,1.6122216672215286
26087,2.290185314753094
26090,1.0
26091,1.8950972367109162
26092,2.0
26093,1.0
26094,2.171322927533187
26095,2.053580419670792
26099,1.0
26101,1.8950972367109162
26102,1.961508242286281
26104,1.0
26105,2.0748144448143524
26107,1.9681489622846595
26110,1.342645855066374
26113,1.6365783481919352
26116,1.0
26118,2.1553974086755168
26119,2.3333333333333335
26128,1.342645855066374
26136,1.6365783481919352
26138,1.0
26140,2.224443334443057
26141,2.4065761384493034
26142,2.3120993081897727
26144,1.0
26151,1.9774337611439514
26156,2.3120993081897727
26162,2.169206593829025
26165,1.342645855066374
26166,2.3061108336107643
26167,2.0
26171,1.0
26176,1.6365783481919352
26177,1.0
26181,1.0
26186,1.342645855066374
26190,1.342645855066374
26196,1.6365783481919352
26203,2.3333333333333335
26207,1.9681489622846595
26208,1.6122216672215286
26211,2.0
26212,1.0
26214,1.6122216672215286
26217,1.8950972367109162
26226,1.342645855066374
26228,2.3182891740959675
26229,1.6122216672215286
26231,2.0748144448143524
26232,2.0
26242,2.0748144448143524
26244,1.9681489622846595
26245,1.9774337611439514
26253,1.6365783481919352
26254,1.0
26257,1.8950972367109162
26258,2.0
26263,1.342645855066374
26268,2.3120993081897727
26270,1.342645855066374
26276,1.0
26282,2.169206593829025
26284,2.1553974086755168
26290,1.342645855066374
26291,2.0
26294,1.8950972367109162
26306,1.9774337611439514
26308,2.3333333333333335
26313,2.3333333333333335
26315,2.3107948173510335
26322,2.3076721615241875
26324,1.0
26327,2.4065761384493034
26328,2.0748144448143524
26341,1.342645855066374
26345,1.9774337611439514
26348,1.0
26353,1.6365783481919352
26356,2.303245014858602
26361,2.0
26362,2.0
26367,2.0748144448143524
26369,1.6122216672215286
26379,2.171322927533187
26383,1.0
26390,1.8738632115673557
26391,1.342645855066374
26392,1.685291710132748
26393,2.0
26394,1.0
26398,2.053580419670792
26401,2.561763903377583
26412,1.8738632115673557
26415,1.342645855066374
26416,1.8950972367109162
26417,1.8950972367109162
26418,1.9774337611439514
26425,1.6365783481919352
26426,1.8738632115673557
26427,1.6365783481919352
26434,1.342645855066374
26438,1.0
26448,1.6365783481919352
26449,1.8950972367109162
26451,1.0
26454,1.6365783481919352
26455,1.8950972367109162
26456,1.8950972367109162
26462,1.685291710132748
26464,2.0
26469,1.685291710132748
26471,2.0
26473,2.3426458550663742
26478,1.8950972367109162
26480,2.9787659748564397
26483,1.8950972367109162
26484,2.0
26496,1.6122216672215286
26502,2.0
26503,2.290185314753094
26507,2.3076721615241875
26511,1.9681489622846595
26512,1.0
26514,1.6365783481919352
26516,2.3333333333333335
26520,2.0
26521,1.342645855066374
26523,1.9774337611439514
26528,2.171322927533187
26529,1.0
26530,2.053580419670792
26535,1.342645855066374
26537,1.6122216672215286
26542,1.0
26543,1.342645855066374
26555,1.342645855066374
26557,1.342645855066374
26567,2.0
26568,1.8950972367109162
26572,1.0
26574,1.961508242286281
26575,1.342645855066374
26576,1.0
26578,1.0
26587,1.8738632115673557
26588,1.0
26589,2.3333333333333335
26591,1.0
26594,2.0748144448143524
26600,1.342645855066374
26601,1.8950972367109162
26605,1.8950972367109162
26608,1.342645855066374
26609,2.3107948173510335
26614,1.8738632115673557
26615,1.685291710132748
26624,1.6122216672215286
26628,2.0748144448143524
26629,1.685291710132748
26636,1.0
26637,1.0
26641,1.6122216672215286
26647,1.685291710132748
26648,1.6122216672215286
